기업명,연도,보고서유형,매출액,영업이익
종근당,2024,반기보고서,"758,304,634,404","66,672,080,808"
종근당,2024,사업보고서,"1,586,430,795,630","99,461,546,115"
신송홀딩스,2024,반기보고서,"66,454,952,473","2,317,882,719"
신송홀딩스,2024,사업보고서,"164,580,506,815","8,401,885,993"
아세아시멘트,2024,반기보고서,"569,312,259,814","89,502,997,914"
아세아시멘트,2024,사업보고서,"1,110,338,447,000","140,751,172,000"
현대로템,2024,반기보고서,"1,842,306,463,000","157,446,128,000"
현대로템,2024,사업보고서,"4,376,597,857,000","456,565,534,000"
한진칼,2024,반기보고서,"139,980,871,381","27,383,960,205"
한진칼,2024,사업보고서,"292,157,342,000","49,192,742,000"
NHN,2024,반기보고서,"1,203,798,841,699","55,763,566,709"
NHN,2024,사업보고서,"2,456,107,865,377","-32,619,646,834"
JB금융지주,2024,반기보고서,,
JB금융지주,2024,사업보고서,,
DSR,2024,반기보고서,"143,574,875,414","10,259,426,504"
DSR,2024,사업보고서,"299,809,123,352","15,340,514,051"
동아에스티,2024,반기보고서,"327,746,263,185","-22,081,723,570"
동아에스티,2024,사업보고서,"697,869,071,451","-25,002,030,853"
지엠비코리아,2024,반기보고서,"365,464,201,124","11,027,263,813"
지엠비코리아,2024,사업보고서,"726,708,233,618","22,684,759,351"
LG헬로비전,2024,반기보고서,"550,807,551,061","11,514,536,974"
LG헬로비전,2024,사업보고서,"1,196,435,375,181","13,472,973,352"
동일고무벨트,2024,반기보고서,"180,420,151,303","8,685,283,234"
동일고무벨트,2024,사업보고서,"336,983,162,562","9,586,743,700"
한국콜마,2024,반기보고서,"1,235,060,812,757","104,170,837,118"
한국콜마,2024,사업보고서,"2,452,063,980,463","193,850,424,348"
한국타이어앤테크놀로지,2024,반기보고서,"4,445,157,172,355","818,780,995,309"
한국타이어앤테크놀로지,2024,사업보고서,"9,411,947,926,996","1,762,260,288,101"
애경케미칼,2024,반기보고서,"856,829,444,579","11,682,746,207"
애경케미칼,2024,사업보고서,"1,642,244,565,944","15,459,352,752"
사조씨푸드,2024,반기보고서,"92,211,172,292","5,019,268,844"
사조씨푸드,2024,사업보고서,"188,281,808,578","9,520,883,434"
휴비스,2024,반기보고서,"464,522,367,879","-11,999,026,468"
휴비스,2024,사업보고서,"939,427,591,658","-38,254,879,526"
케이탑리츠,2024,반기보고서,"4,592,685,995","2,347,969,277"
케이탑리츠,2024,사업보고서,"12,087,791,146","7,917,272,243"
GS리테일,2024,반기보고서,"5,638,178,038,404","130,756,275,947"
GS리테일,2024,사업보고서,"11,626,920,274,913","239,104,876,913"
인터지스,2024,반기보고서,"336,737,930,745","12,248,508,857"
인터지스,2024,사업보고서,"701,171,841,541","23,864,084,101"
삼양사,2024,반기보고서,"1,366,794,561,175","82,717,949,712"
삼양사,2024,사업보고서,"2,671,821,461,625","133,523,122,893"
하나투어,2024,반기보고서,"315,003,941,539","25,295,119,597"
하나투어,2024,사업보고서,"616,606,993,658","50,919,001,973"
에이블씨엔씨,2024,반기보고서,"132,526,513,279","10,256,789,690"
에이블씨엔씨,2024,사업보고서,"263,998,147,507","19,728,063,227"
삼원강재,2024,반기보고서,"178,818,915,795","6,502,668,760"
삼원강재,2024,사업보고서,"343,558,905,658","11,756,354,957"
신세계인터내셔날,2024,반기보고서,"630,341,207,489","24,462,845,197"
신세계인터내셔날,2024,사업보고서,"1,308,633,993,458","26,839,827,864"
에이리츠,2024,반기보고서,"3,469,994,272","-797,625,291"
에이리츠,2024,사업보고서,"4,525,159,331","-1,201,762,496"
한국항공우주,2024,반기보고서,"1,631,732,050,956","122,307,968,195"
한국항공우주,2024,사업보고서,"3,633,742,105,840","240,718,310,400"
롯데하이마트,2024,반기보고서,"1,114,410,199,213","-13,256,393,438"
롯데하이마트,2024,사업보고서,"2,356,656,539,880","1,720,857,840"
한세엠케이,2024,반기보고서,"132,397,436,655","-4,540,288,841"
한세엠케이,2024,사업보고서,"256,274,313,437","-21,615,548,841"
코오롱ENP,2024,반기보고서,"244,073,622,442","20,237,957,450"
코오롱ENP,2024,사업보고서,"486,210,364,232","39,767,482,517"
이마트,2024,반기보고서,"14,262,699,165,737","12,467,249,025"
이마트,2024,사업보고서,"29,020,896,860,848","47,098,144,142"
iM금융지주,2024,반기보고서,,
iM금융지주,2024,사업보고서,,
케이티스카이라이프,2024,반기보고서,,"2,710,713,316"
케이티스카이라이프,2024,사업보고서,,"-1,075,800,064"
세아특수강,2024,반기보고서,"509,042,641,718","12,603,481,890"
세아특수강,2024,사업보고서,"1,008,676,692,070","22,956,958,016"
메리츠금융지주,2024,반기보고서,"23,786,599,167,197",
메리츠금융지주,2024,사업보고서,"46,574,506,350,960",
한국종합기술,2024,반기보고서,"191,656,960,716","382,493,906"
한국종합기술,2024,사업보고서,"398,913,378,204","902,249,305"
BNK금융지주,2024,반기보고서,,
BNK금융지주,2024,사업보고서,,
롯데에너지머티리얼즈,2024,반기보고서,"504,408,238,848","7,358,226,014"
롯데에너지머티리얼즈,2024,사업보고서,"902,252,020,191","-64,444,649,841"
현대위아,2024,반기보고서,"4,374,696,000,000","128,991,000,000"
현대위아,2024,사업보고서,"8,180,886,000,000","218,810,000,000"
선진,2024,반기보고서,"845,033,889,984","68,811,491,764"
선진,2024,사업보고서,"1,681,370,807,177","124,085,515,096"
미원화학,2024,반기보고서,"127,435,695,888","17,264,320,824"
미원화학,2024,사업보고서,"256,110,289,517","28,634,790,078"
시디즈,2024,반기보고서,"107,859,062,957","184,167,112"
시디즈,2024,사업보고서,"208,408,238,360","-3,363,725,188"
한화엔진,2024,반기보고서,"579,850,378,018","38,050,159,593"
한화엔진,2024,사업보고서,"1,202,204,707,511","71,531,721,192"
대성에너지,2024,반기보고서,"550,222,698,594","16,509,103,437"
대성에너지,2024,사업보고서,"995,129,899,139","20,476,271,942"
현대퓨처넷,2024,반기보고서,"90,798,523,064","5,977,035,819"
현대퓨처넷,2024,사업보고서,"215,815,951,313","6,944,571,843"
KTis,2024,반기보고서,"296,882,617,301","11,095,874,355"
KTis,2024,사업보고서,"603,899,372,784","20,990,586,403"
한전산업,2024,반기보고서,"191,692,917,582","20,891,051,835"
한전산업,2024,사업보고서,"367,526,889,292","16,143,683,837"
엘브이엠씨,2024,반기보고서,"100,513,807","5,675,764"
엘브이엠씨,2024,사업보고서,"216,803,097","12,025,144"
미스토홀딩스,2024,반기보고서,"2,357,911,778,763","303,405,850,663"
미스토홀딩스,2024,사업보고서,"4,268,743,012,835","360,803,535,166"
KTcs,2024,반기보고서,"583,587,572,919","-1,867,151,826"
KTcs,2024,사업보고서,"1,121,341,270,752","6,971,273,020"
현대홈쇼핑,2024,반기보고서,"1,949,064,223,619","91,497,083,579"
현대홈쇼핑,2024,사업보고서,"3,853,462,322,479","130,128,245,059"
도화엔지니어링,2024,반기보고서,"275,499,822,225","7,318,587,011"
도화엔지니어링,2024,사업보고서,"582,786,671,724","-13,386,874,639"
대성산업,2024,반기보고서,"741,485,058,084","13,959,997,002"
대성산업,2024,사업보고서,"1,476,772,033,939","21,781,127,161"
아이마켓코리아,2024,반기보고서,"1,718,430,302,201","22,514,627,642"
아이마켓코리아,2024,사업보고서,"3,318,335,159,154","44,784,623,263"
한미약품,2024,반기보고서,"781,817,173,461","134,754,469,907"
한미약품,2024,사업보고서,"1,495,501,575,568","216,186,188,006"
우진,2024,반기보고서,"75,219,449,388","13,765,896,927"
우진,2024,사업보고서,"140,726,674,100","16,105,340,148"
무학,2024,반기보고서,"78,531,234,158","10,366,364,546"
무학,2024,사업보고서,"152,059,251,251","16,875,863,184"
이연제약,2024,반기보고서,"72,695,765,009","1,448,244,837"
이연제약,2024,사업보고서,"148,299,673,635","79,259,194"
한국화장품,2024,반기보고서,"47,271,101,799","2,382,448,305"
한국화장품,2024,사업보고서,"92,787,843,982","3,713,273,746"
에스제이엠,2024,반기보고서,"103,509,310,120","8,453,375,075"
에스제이엠,2024,사업보고서,"201,912,429,709","14,237,606,905"
HL홀딩스,2024,반기보고서,"695,602,217,868","84,069,151,614"
HL홀딩스,2024,사업보고서,"1,371,086,204,119","90,442,516,250"
삼성생명,2024,반기보고서,,
삼성생명,2024,사업보고서,,
신세계푸드,2024,반기보고서,"775,761,774,632","14,310,902,001"
신세계푸드,2024,사업보고서,"1,534,799,832,427","20,764,540,801"
한화생명,2024,반기보고서,,
한화생명,2024,사업보고서,,
조선선재,2024,반기보고서,"23,186,549,522","3,465,663,025"
조선선재,2024,사업보고서,"50,908,446,396","8,683,453,948"
코오롱인더,2024,반기보고서,"2,445,173,560,564","90,077,351,861"
코오롱인더,2024,사업보고서,"4,843,003,131,269","158,723,468,850"
KC코트렐,2024,반기보고서,"169,651,055,959","-63,200,821,855"
KC코트렐,2024,사업보고서,"341,075,218,924","-69,612,175,500"
지역난방공사,2024,반기보고서,"1,906,935,610,354","185,198,196,918"
지역난방공사,2024,사업보고서,"3,570,309,804,422","327,942,028,598"
영흥,2024,반기보고서,"251,995,760,553","6,615,992,347"
영흥,2024,사업보고서,"480,348,334,559","3,072,645,371"
메타케어,2024,반기보고서,"9,753,758,825","523,939,957"
메타케어,2024,사업보고서,"20,208,077,617","1,504,932,937"
한전기술,2024,반기보고서,"254,859,713,553","22,302,899,893"
한전기술,2024,사업보고서,"553,362,978,026","54,806,059,056"
GKL,2024,반기보고서,"196,771,122,488","27,059,305,634"
GKL,2024,사업보고서,"396,390,016,167","38,324,545,939"
SK,2024,반기보고서,"63,822,613,000,000","2,250,535,000,000"
SK,2024,사업보고서,"124,690,439,000,000","2,355,290,000,000"
황금에스티,2024,반기보고서,"157,301,301,080","8,477,942,271"
황금에스티,2024,사업보고서,"321,091,393,225","19,372,382,177"
하이트진로,2024,반기보고서,"1,286,389,128,608","116,598,699,077"
하이트진로,2024,사업보고서,"2,599,183,408,023","208,141,871,425"
동양생명,2024,반기보고서,,
동양생명,2024,사업보고서,,
유니온머티리얼,2024,반기보고서,"57,675,993,864","-4,390,562,688"
유니온머티리얼,2024,사업보고서,"108,366,485,493","-16,501,073,442"
키움증권,2024,반기보고서,"4,923,869,360,363",
키움증권,2024,사업보고서,"11,280,306,577,010",
영원무역,2024,반기보고서,"1,602,411,464,333","237,494,288,068"
영원무역,2024,사업보고서,"3,517,837,283,293","315,580,583,310"
한미글로벌,2024,반기보고서,"204,445,020,851","16,515,701,640"
한미글로벌,2024,사업보고서,"424,771,849,486","33,916,675,016"
동아지질,2024,반기보고서,"185,439,414,296","3,763,149,248"
동아지질,2024,사업보고서,"393,493,162,674","9,611,724,890"
HD현대마린엔진,2024,반기보고서,"146,451,856,159","15,251,593,258"
HD현대마린엔진,2024,사업보고서,"315,793,988,713","33,193,655,658"
LX하우시스,2024,반기보고서,"1,791,369,000,000","70,200,000,000"
LX하우시스,2024,사업보고서,"3,572,036,000,000","97,465,000,000"
한세실업,2024,반기보고서,"859,733,646,678","80,639,336,278"
한세실업,2024,사업보고서,"1,797,795,746,533","142,197,707,885"
주성코퍼레이션,2024,반기보고서,"29,668,005,765","1,700,304,566"
주성코퍼레이션,2024,사업보고서,"68,846,344,884","3,763,674,211"
미원홀딩스,2024,반기보고서,"243,121,257,670","15,884,509,144"
미원홀딩스,2024,사업보고서,"476,575,958,592","23,033,364,411"
NAVER,2024,반기보고서,"5,136,541,336,068","911,978,251,158"
NAVER,2024,사업보고서,"10,737,719,264,647","1,979,263,438,827"
부국철강,2024,반기보고서,"95,498,101,021","1,210,378,570"
부국철강,2024,사업보고서,"181,818,473,591","95,602,164"
KB금융,2024,반기보고서,,
KB금융,2024,사업보고서,,
한국철강,2024,반기보고서,"313,390,070,043","1,662,239,906"
한국철강,2024,사업보고서,"600,003,866,825","1,813,549,115"
일진전기,2024,반기보고서,"775,035,422,801","42,783,687,584"
일진전기,2024,사업보고서,"1,577,247,371,000","79,742,010,000"
풍산,2024,반기보고서,"2,197,157,414,680","215,545,588,710"
풍산,2024,사업보고서,"4,554,411,454,633","323,768,893,078"
LG이노텍,2024,반기보고서,"8,888,847,000,000","327,722,000,000"
LG이노텍,2024,사업보고서,"21,200,755,000,000","706,043,000,000"
명문제약,2024,반기보고서,"90,311,974,818","-1,612,531,321"
명문제약,2024,사업보고서,"186,443,052,017","1,928,730,102"
비상교육,2024,반기보고서,"112,189,684,705","4,764,367"
비상교육,2024,사업보고서,"246,460,145,921","10,222,169,336"
동성케미컬,2024,반기보고서,"505,652,444,295","42,667,550,943"
동성케미컬,2024,사업보고서,"1,066,318,113,144","91,029,915,815"
쌍방울,2024,반기보고서,"43,097,473,039","-1,439,705,469"
쌍방울,2024,사업보고서,"91,989,592,645","-2,290,327,604"
LG유플러스,2024,반기보고서,"7,070,662,000,000","474,942,000,000"
LG유플러스,2024,사업보고서,"14,625,198,000,000","863,130,000,000"
인바이오젠,2024,반기보고서,"2,792,874,439","-2,693,244,823"
인바이오젠,2024,사업보고서,"7,041,061,562","-6,093,214,907"
아시아나항공,2024,반기보고서,"4,024,213,609,075","80,332,353,741"
아시아나항공,2024,사업보고서,"8,318,567,228,711","275,690,391,993"
SNT에너지,2024,반기보고서,"128,893,319,216","8,029,991,178"
SNT에너지,2024,사업보고서,"294,264,258,276","22,239,479,490"
진양홀딩스,2024,반기보고서,"137,109,759,567","5,444,502,619"
진양홀딩스,2024,사업보고서,"286,846,166,692","4,914,347,266"
엔케이,2024,반기보고서,"51,096,731,113","-2,046,441,010"
엔케이,2024,사업보고서,"110,936,560,917","-4,824,856,791"
한전KPS,2024,반기보고서,"771,440,815,221","126,636,903,182"
한전KPS,2024,사업보고서,"1,557,085,808,533","209,498,645,768"
KSS해운,2024,반기보고서,"249,582,541,930","50,303,436,492"
KSS해운,2024,사업보고서,"517,929,006,796","104,082,690,245"
효성 ITX,2024,반기보고서,"246,976,383,474","8,987,455,916"
효성 ITX,2024,사업보고서,"506,354,423,294","18,749,635,222"
유나이티드,2024,반기보고서,"144,166,843,682","29,396,834,438"
유나이티드,2024,사업보고서,"288,706,729,642","56,283,207,635"
디아이씨,2024,반기보고서,"367,080,346,122","12,597,787,138"
디아이씨,2024,사업보고서,"719,127,919,117","21,831,913,269"
CJ제일제당,2024,반기보고서,"14,454,635,152,000","759,504,326,000"
CJ제일제당,2024,사업보고서,"29,359,081,823,000","1,553,017,638,000"
팬오션,2024,반기보고서,"2,208,942,000,000","233,326,000,000"
팬오션,2024,사업보고서,"5,161,218,000,000","471,180,000,000"
HJ중공업,2024,반기보고서,"952,381,000,000","-27,645,000,000"
HJ중공업,2024,사업보고서,"1,885,962,000,000","7,252,000,000"
JW홀딩스,2024,반기보고서,"437,715,196,474","68,728,016,743"
JW홀딩스,2024,사업보고서,"887,710,032,227","146,522,860,164"
SK이노베이션,2024,반기보고서,"37,654,252,542,000","578,893,362,000"
SK이노베이션,2024,사업보고서,"74,716,970,174,000","315,488,338,000"
삼성카드,2024,반기보고서,"2,195,699,505,154",
삼성카드,2024,사업보고서,"4,383,209,688,411",
알루코,2024,반기보고서,"324,532,420,181","25,105,896,345"
알루코,2024,사업보고서,"622,944,292,918","38,053,108,468"
웅진씽크빅,2024,반기보고서,"437,195,707,092","3,667,296,545"
웅진씽크빅,2024,사업보고서,"867,180,219,415","9,246,662,221"
메타랩스,2024,반기보고서,"19,345,626,856","-1,068,414,204"
메타랩스,2024,사업보고서,"38,359,458,272","-3,202,497,656"
후성,2024,반기보고서,"220,499,405,659","-5,179,463,278"
후성,2024,사업보고서,"437,795,018,982","-9,575,604,806"
LF,2024,반기보고서,"915,788,840,738","46,278,820,700"
LF,2024,사업보고서,"1,956,268,444,555","126,139,587,434"
주연테크,2024,반기보고서,"24,341,724,699","-1,165,135,335"
주연테크,2024,사업보고서,"53,068,185,647","-2,902,454,919"
코스맥스비티아이,2024,반기보고서,"299,210,354,134","9,011,570,546"
코스맥스비티아이,2024,사업보고서,"597,630,263,412","16,794,453,838"
인천도시가스,2024,반기보고서,"490,540,830,233","10,227,152,754"
인천도시가스,2024,사업보고서,"943,613,477,823","19,421,916,059"
삼정펄프,2024,반기보고서,"80,475,679,771","3,087,211,852"
삼정펄프,2024,사업보고서,"163,884,080,446","4,868,322,824"
KEC,2024,반기보고서,"128,554,583,731","-1,184,369,556"
KEC,2024,사업보고서,"243,169,932,842","-13,271,186,259"
KPX홀딩스,2024,반기보고서,"607,128,627,108","34,355,469,333"
KPX홀딩스,2024,사업보고서,"1,223,942,110,308","51,133,047,274"
HDC현대EP,2024,반기보고서,"501,081,125,420","19,295,507,605"
HDC현대EP,2024,사업보고서,"990,565,997,299","32,675,739,823"
노루페인트,2024,반기보고서,"402,446,387,774","27,217,878,289"
노루페인트,2024,사업보고서,"793,847,292,349","43,664,633,269"
아모레퍼시픽,2024,반기보고서,"1,816,203,853,230","76,829,689,637"
아모레퍼시픽,2024,사업보고서,"3,885,110,699,186","220,481,343,913"
롯데관광개발,2024,반기보고서,"222,305,020,463","14,677,504,376"
롯데관광개발,2024,사업보고서,"471,467,953,184","39,006,615,340"
평화산업,2024,반기보고서,"296,085,430,550","8,382,293,340"
평화산업,2024,사업보고서,"588,377,472,367","14,061,353,558"
우진플라임,2024,반기보고서,"99,220,406,278","-1,588,184,206"
우진플라임,2024,사업보고서,"209,594,990,056","1,389,976,524"
신세계I&C,2024,반기보고서,"301,893,857,968","17,649,258,341"
신세계I&C,2024,사업보고서,"625,716,262,145","36,953,168,486"
진도,2024,반기보고서,"19,148,502,210","-898,337,443"
진도,2024,사업보고서,"44,153,009,434","1,143,805,417"
롯데쇼핑,2024,반기보고서,"6,941,116,039,650","170,925,805,626"
롯데쇼핑,2024,사업보고서,"13,986,578,270,060","473,113,964,780"
현대글로비스,2024,반기보고서,"13,650,754,573,440","824,059,645,218"
현대글로비스,2024,사업보고서,"28,407,374,301,315","1,752,867,442,226"
티비에이치글로벌,2024,반기보고서,"90,581,774,229","2,433,193,191"
티비에이치글로벌,2024,사업보고서,"178,464,510,529","3,360,351,544"
하나금융지주,2024,반기보고서,,
하나금융지주,2024,사업보고서,,
제일연마,2024,반기보고서,"40,237,944,216","3,676,096,993"
제일연마,2024,사업보고서,"81,974,461,738","5,753,862,882"
현대리바트,2024,반기보고서,"1,001,744,476,614","14,968,862,382"
현대리바트,2024,사업보고서,"1,870,657,004,478","24,036,538,571"
대한제강,2024,반기보고서,"616,828,318,370","24,893,443,484"
대한제강,2024,사업보고서,"1,224,534,509,948","10,317,146,497"
새론오토모티브,2024,반기보고서,"72,353,527,993","137,750,398"
새론오토모티브,2024,사업보고서,"142,009,270,182","-5,783,033,372"
그린케미칼,2024,반기보고서,"166,885,294,125","5,933,953,762"
그린케미칼,2024,사업보고서,"330,339,365,530","10,686,734,198"
대상홀딩스,2024,반기보고서,"2,620,548,382,864","99,574,556,910"
대상홀딩스,2024,사업보고서,"5,357,890,370,159","184,029,822,016"
코아스,2024,반기보고서,"38,871,944,301","-85,773,338"
코아스,2024,사업보고서,"77,951,547,768","-7,244,717,384"
이월드,2024,반기보고서,"60,612,551,924","2,518,188,413"
이월드,2024,사업보고서,"108,453,970,504","-419,841,181"
동양고속,2024,반기보고서,"59,837,588,140","-1,603,048,668"
동양고속,2024,사업보고서,"121,720,579,912","-1,530,752,310"
한미반도체,2024,반기보고서,"200,795,528,830","84,144,133,647"
한미반도체,2024,사업보고서,"558,917,191,547","255,391,604,854"
동일산업,2024,반기보고서,"224,292,769,895","2,010,523,338"
동일산업,2024,사업보고서,"415,796,640,204","-4,158,725,047"
삼호개발,2024,반기보고서,"198,395,292,823","5,360,311,845"
삼호개발,2024,사업보고서,"401,776,583,229","1,172,393,105"
금호타이어,2024,반기보고서,"2,176,444,161,158","297,138,461,146"
금호타이어,2024,사업보고서,"4,532,177,923,979","588,591,711,860"
CJ CGV,2024,반기보고서,"822,885,557,698","26,885,661,239"
CJ CGV,2024,사업보고서,"1,957,884,214,182","75,933,768,898"
일진다이아,2024,반기보고서,"69,978,831,766","690,582,560"
일진다이아,2024,사업보고서,"157,050,555,577","-4,644,208,842"
유니드,2024,반기보고서,"546,340,406,128","62,531,567,283"
유니드,2024,사업보고서,"1,111,631,182,007","95,444,584,358"
상신브레이크,2024,반기보고서,"291,095,679,580","11,889,884,164"
상신브레이크,2024,사업보고서,"578,555,061,212","20,646,142,654"
인팩,2024,반기보고서,"278,306,641,548","16,079,273,861"
인팩,2024,사업보고서,"563,872,906,748","20,019,051,765"
GS,2024,반기보고서,"12,492,656,000,000","1,814,363,000,000"
GS,2024,사업보고서,"25,297,467,000,000","3,060,163,000,000"
유니퀘스트,2024,반기보고서,"343,271,991,405","17,637,332,783"
유니퀘스트,2024,사업보고서,"710,482,069,603","34,138,354,685"
다스코,2024,반기보고서,"157,253,037,045","358,845,233"
다스코,2024,사업보고서,"312,011,404,043","-1,754,716,494"
LG디스플레이,2024,반기보고서,"11,961,174,000,000","-563,105,000,000"
LG디스플레이,2024,사업보고서,"26,615,347,000,000","-560,596,000,000"
텔코웨어,2024,반기보고서,"15,943,018,632","-2,742,619,597"
텔코웨어,2024,사업보고서,"44,852,925,328","3,375,021,568"
STX엔진,2024,반기보고서,"312,867,000,000","28,579,000,000"
STX엔진,2024,사업보고서,"724,609,807,886","42,236,835,042"
NICE,2024,반기보고서,,"85,708,338,767"
NICE,2024,사업보고서,,"174,263,701,108"
대교,2024,반기보고서,"326,333,198,382","-7,093,249,398"
대교,2024,사업보고서,"663,501,743,801","-1,562,689,521"
기업은행,2024,반기보고서,,
기업은행,2024,사업보고서,,
이엔플러스,2024,반기보고서,"29,640,623,470","-12,767,815,575"
이엔플러스,2024,사업보고서,"58,314,142,635","-22,384,501,827"
한솔홈데코,2024,반기보고서,"174,135,699,021","6,444,837,574"
한솔홈데코,2024,사업보고서,"327,259,060,393","11,420,299,469"
이수페타시스,2024,반기보고서,"404,350,478,216","50,490,092,239"
이수페타시스,2024,사업보고서,"836,866,961,285","101,878,836,049"
강원랜드,2024,반기보고서,"706,325,162,792","149,734,322,367"
강원랜드,2024,사업보고서,"1,426,862,781,802","285,790,454,716"
YG PLUS,2024,반기보고서,"89,552,939,534","-1,660,794,805"
YG PLUS,2024,사업보고서,"184,902,894,051","-732,390,107"
농심홀딩스,2024,반기보고서,"423,318,479,508","64,460,416,349"
농심홀딩스,2024,사업보고서,"798,272,530,395","86,638,898,915"
한국금융지주,2024,반기보고서,"12,011,011,117,216",
한국금융지주,2024,사업보고서,"21,174,133,586,717",
유엔젤,2024,반기보고서,"24,480,260,927","-1,079,452,409"
유엔젤,2024,사업보고서,"53,045,913,656","788,654,456"
SBS,2024,반기보고서,"484,583,065,808","-2,458,676,662"
SBS,2024,사업보고서,"1,046,651,436,608","-19,185,289,826"
엔씨소프트,2024,반기보고서,"766,779,442,276","34,566,631,306"
엔씨소프트,2024,사업보고서,"1,578,123,132,867","-109,215,374,026"
하이스틸,2024,반기보고서,"126,238,318,878","-1,056,886,160"
하이스틸,2024,사업보고서,"246,263,519,268","911,764,312"
DSR제강,2024,반기보고서,"103,559,290,263","11,022,137,692"
DSR제강,2024,사업보고서,"215,582,385,097","19,511,056,524"
태경케미컬,2024,반기보고서,"34,463,120,257","7,124,493,843"
태경케미컬,2024,사업보고서,"71,116,461,803","13,705,903,914"
한농화성,2024,반기보고서,"134,066,545,826","5,797,756,364"
한농화성,2024,사업보고서,"247,473,264,569","6,085,620,165"
현대백화점,2024,반기보고서,"1,975,543,838,000","111,702,466,000"
현대백화점,2024,사업보고서,"4,187,614,464,000","284,042,489,000"
대호에이엘,2024,반기보고서,"86,418,379,669","3,188,458,357"
대호에이엘,2024,사업보고서,"168,532,831,254","5,826,923,476"
대웅제약,2024,반기보고서,"696,329,702,589","71,974,076,643"
대웅제약,2024,사업보고서,"1,422,683,296,380","147,942,198,476"
마니커,2024,반기보고서,"165,264,265,482","-5,031,679,493"
마니커,2024,사업보고서,"332,788,209,759","-9,051,499,918"
SNT홀딩스,2024,반기보고서,"825,671,327,693","123,786,189,855"
SNT홀딩스,2024,사업보고서,"1,820,513,622,453","231,159,021,166"
티케이지휴켐스,2024,반기보고서,"581,536,377,104","53,022,571,127"
티케이지휴켐스,2024,사업보고서,"1,188,238,697,698","80,802,440,875"
SJG세종,2024,반기보고서,"925,771,741,410","39,707,694,589"
SJG세종,2024,사업보고서,"1,816,595,152,264","60,611,834,886"
포스코스틸리온,2024,반기보고서,"640,642,626,581","27,939,155,853"
포스코스틸리온,2024,사업보고서,"1,209,864,896,429","51,923,404,660"
삼성출판사,2024,반기보고서,"20,071,781,561","-645,148,552"
삼성출판사,2024,사업보고서,"40,565,887,090","-181,381,974"
세이브존I&C,2024,반기보고서,"60,469,621,425","6,918,857,524"
세이브존I&C,2024,사업보고서,"117,239,836,613","7,777,044,370"
교보증권,2024,반기보고서,"1,573,256,533,942",
교보증권,2024,사업보고서,"3,166,321,957,747",
한샘,2024,반기보고서,"963,895,091,883","20,084,887,437"
한샘,2024,사업보고서,"1,908,390,760,197","31,229,315,756"
우신시스템,2024,반기보고서,"145,045,422,859","9,335,511,472"
우신시스템,2024,사업보고서,"563,596,965,854","36,066,529,187"
LG전자,2024,반기보고서,"42,790,315,000,000","2,531,557,000,000"
LG전자,2024,사업보고서,"87,728,182,000,000","3,419,675,000,000"
콜마홀딩스,2024,반기보고서,"356,555,575,883","23,033,978,038"
콜마홀딩스,2024,사업보고서,"676,663,181,663","38,118,710,023"
SNT모티브,2024,반기보고서,"462,277,041,885","47,100,673,523"
SNT모티브,2024,사업보고서,"968,898,049,440","98,128,121,434"
광주신세계,2024,반기보고서,"87,369,397,252","25,224,938,335"
광주신세계,2024,사업보고서,"183,575,423,411","52,327,661,202"
일진디스플,2024,반기보고서,"48,246,258,111","1,319,059,383"
일진디스플,2024,사업보고서,"89,157,125,829","1,389,859,835"
KH 필룩스,2024,반기보고서,"80,505,550,483","-3,795,743,701"
KH 필룩스,2024,사업보고서,"166,099,592,797","-8,512,230,963"
종근당바이오,2024,반기보고서,"96,450,072,994","8,167,725,845"
종근당바이오,2024,사업보고서,"171,756,008,722","10,953,544,485"
신한지주,2024,반기보고서,,
신한지주,2024,사업보고서,,
코웨이,2024,반기보고서,"2,084,094,411,183","404,939,351,207"
코웨이,2024,사업보고서,"4,310,141,694,596","795,373,861,343"
세아홀딩스,2024,반기보고서,"3,112,994,128,549","119,106,826,966"
세아홀딩스,2024,사업보고서,"6,016,826,083,760","99,186,065,812"
LG생활건강,2024,반기보고서,"3,488,371,578,765","309,570,790,475"
LG생활건강,2024,사업보고서,"6,811,918,756,741","459,045,912,180"
LG화학,2024,반기보고서,"23,909,104,000,000","670,491,000,000"
LG화학,2024,사업보고서,"48,916,104,000,000","916,798,000,000"
대우건설,2024,반기보고서,"5,308,804,723,239","219,556,385,752"
대우건설,2024,사업보고서,"10,503,609,086,034","403,125,613,881"
포스코인터내셔널,2024,반기보고서,"16,042,782,748,000","615,100,023,000"
포스코인터내셔널,2024,사업보고서,"32,340,793,124,000","1,116,921,237,000"
HD현대인프라코어,2024,반기보고서,,"174,338,342,568"
HD현대인프라코어,2024,사업보고서,"4,114,189,991,329","184,161,977,034"
한화오션,2024,반기보고서,"4,819,717,934,492","43,277,579,919"
한화오션,2024,사업보고서,"10,776,004,933,627","237,876,379,317"
진양화학,2024,반기보고서,"12,993,975,850","-1,372,229,577"
진양화학,2024,사업보고서,"24,527,435,256","-4,139,532,436"
두산에너빌리티,2024,반기보고서,"8,248,354,039,946","667,861,180,207"
두산에너빌리티,2024,사업보고서,"16,233,055,000,000","1,017,600,000,000"
한국내화,2024,반기보고서,"198,604,135,512","942,415,022"
한국내화,2024,사업보고서,"416,008,387,892","8,586,286,130"
한세예스24홀딩스,2024,반기보고서,"1,362,000,663,700","84,782,641,012"
한세예스24홀딩스,2024,사업보고서,"2,830,854,661,888","152,254,632,037"
대성홀딩스,2024,반기보고서,"663,309,935,139","20,058,032,729"
대성홀딩스,2024,사업보고서,"1,212,354,718,188","23,297,613,824"
대원제약,2024,반기보고서,"296,260,647,369","13,624,225,277"
대원제약,2024,사업보고서,"598,162,352,613","28,220,453,539"
한국가스공사,2024,반기보고서,"20,300,467,955,654","1,387,295,451,799"
한국가스공사,2024,사업보고서,"38,388,740,000,000","3,003,363,000,000"
미래아이앤지,2024,반기보고서,"5,907,598,983","1,086,813,489"
미래아이앤지,2024,사업보고서,"11,702,648,807","2,013,077,715"
화천기공,2024,반기보고서,"104,910,243,823","1,148,225,417"
화천기공,2024,사업보고서,"222,200,718,833","-741,138,094"
팜스코,2024,반기보고서,"798,289,667,109","37,090,366,342"
팜스코,2024,사업보고서,"1,574,634,584,892","53,939,257,120"
케이티앤지,2024,반기보고서,"2,716,035,000,000","558,563,000,000"
케이티앤지,2024,사업보고서,"5,908,792,000,000","1,188,814,000,000"
HD한국조선해양,2024,반기보고서,"12,131,109,676,000","536,627,575,000"
HD한국조선해양,2024,사업보고서,"25,538,577,356,000","1,434,090,492,000"
디씨엠,2024,반기보고서,"131,264,647,486","12,272,887,414"
디씨엠,2024,사업보고서,"240,913,433,640","16,966,759,117"
AK홀딩스,2024,반기보고서,"2,325,789,636,735","119,400,645,136"
AK홀딩스,2024,사업보고서,"4,488,280,532,801","130,320,128,409"
HS애드,2024,반기보고서,"211,083,026,306","-1,374,664,507"
HS애드,2024,사업보고서,"554,730,448,204","29,573,201,909"
대한유화,2024,반기보고서,"1,405,208,607,873","-21,965,171,117"
대한유화,2024,사업보고서,"2,800,102,662,159","-59,892,625,042"
백산,2024,반기보고서,"234,600,029,104","38,283,429,091"
백산,2024,사업보고서,"496,957,597,172","76,531,450,918"
체시스,2024,반기보고서,"45,957,396,380","3,232,087,414"
체시스,2024,사업보고서,"90,263,397,163","4,676,276,342"
자화전자,2024,반기보고서,"314,834,115,664","24,582,656,112"
자화전자,2024,사업보고서,"681,144,518,352","44,961,233,047"
케이티,2024,반기보고서,"13,200,973,000,000","1,000,486,000,000"
케이티,2024,사업보고서,"26,431,204,000,000","809,471,000,000"
엑시큐어하이트론,2024,반기보고서,"2,348,834,848","-3,886,914,192"
엑시큐어하이트론,2024,사업보고서,"6,580,126,289","-6,329,804,178"
제일기획,2024,반기보고서,"2,107,456,540,510","142,753,499,364"
제일기획,2024,사업보고서,"4,344,256,680,956","320,720,587,990"
스틱인베스트먼트,2024,반기보고서,"38,877,591,638",
스틱인베스트먼트,2024,사업보고서,"79,465,712,795",
케이씨,2024,반기보고서,"375,490,372,710","5,050,226,590"
케이씨,2024,사업보고서,"738,488,124,124","27,977,590,175"
대원화성,2024,반기보고서,"54,540,511,457","-6,402,074,391"
대원화성,2024,사업보고서,"125,949,848,451","-6,113,989,337"
E1,2024,반기보고서,"5,426,881,547,375","209,114,685,874"
E1,2024,사업보고서,"11,192,411,812,013","217,605,533,069"
SK가스,2024,반기보고서,"3,377,340,481,665","121,567,646,542"
SK가스,2024,사업보고서,"7,095,902,060,317","287,176,575,159"
다우기술,2024,반기보고서,"5,089,614,123,927","691,594,987,932"
다우기술,2024,사업보고서,"11,625,798,455,732","1,174,681,942,719"
영보화학,2024,반기보고서,"54,978,259,461","8,983,792,289"
영보화학,2024,사업보고서,"117,566,592,036","19,402,482,507"
SKC,2024,반기보고서,"887,907,657,932","-138,867,291,617"
SKC,2024,사업보고서,"1,721,564,345,604","-276,832,854,584"
웰바이오텍,2024,반기보고서,"41,670,577,711","-2,383,284,161"
웰바이오텍,2024,사업보고서,"83,301,323,381","-2,874,278,574"
한국주강,2024,반기보고서,"23,534,004,325","381,517,299"
한국주강,2024,사업보고서,"47,283,741,622","1,074,954,369"
디와이덕양,2024,반기보고서,"968,121,298,295","5,153,533,659"
디와이덕양,2024,사업보고서,"1,883,286,365,934","8,229,987,776"
에쓰씨엔지니어링,2024,반기보고서,"74,209,412,478","1,722,167,386"
에쓰씨엔지니어링,2024,사업보고서,"179,878,880,096","6,562,997,795"
인지컨트롤스,2024,반기보고서,"324,387,990,092","21,006,529,781"
인지컨트롤스,2024,사업보고서,"649,271,485,609","26,396,954,290"
경동인베스트,2024,반기보고서,"149,259,787,716","1,759,956,438"
경동인베스트,2024,사업보고서,"293,711,565,765","24,395,160,375"
아이티센씨티에스,2024,반기보고서,"373,446,326,388","1,248,239,270"
아이티센씨티에스,2024,사업보고서,"995,320,658,847","21,009,952,017"
에스제이엠홀딩스,2024,반기보고서,"105,820,681,570","9,388,832,124"
에스제이엠홀딩스,2024,사업보고서,"206,195,488,625","13,718,784,595"
SK하이닉스,2024,반기보고서,"28,852,856,000,000","8,354,565,000,000"
SK하이닉스,2024,사업보고서,"66,192,960,000,000","23,467,319,000,000"
INVENI,2024,반기보고서,"657,375,119,000","34,288,195,000"
INVENI,2024,사업보고서,"1,160,352,396,000","24,270,272,000"
MH에탄올,2024,반기보고서,"50,045,081,534","10,044,017,760"
MH에탄올,2024,사업보고서,"100,419,425,361","10,667,609,998"
동남합성,2024,반기보고서,"91,564,323,676","4,915,743,009"
동남합성,2024,사업보고서,"186,398,920,042","8,934,586,807"
삼성E&A,2024,반기보고서,"5,071,011,445,730","471,922,595,217"
삼성E&A,2024,사업보고서,"9,966,551,344,477","971,611,686,017"
신도리코,2024,반기보고서,"185,459,826,607","13,759,719,358"
신도리코,2024,사업보고서,"340,994,882,503","20,156,744,960"
온타이드,2024,반기보고서,"113,558,944,668","-7,024,903,794"
온타이드,2024,사업보고서,"265,915,113,091","-4,346,365,196"
퍼시스,2024,반기보고서,"193,265,200,634","17,291,242,820"
퍼시스,2024,사업보고서,"385,705,375,506","21,476,407,888"
WISCOM,2024,반기보고서,"52,606,234,752","-3,879,115,249"
WISCOM,2024,사업보고서,"98,537,115,290","-8,862,854,781"
동원수산,2024,반기보고서,"96,219,096,794","5,040,410,886"
동원수산,2024,사업보고서,"183,650,399,305","5,324,047,839"
미래산업,2024,반기보고서,"11,051,701,546","808,452,773"
미래산업,2024,사업보고서,"27,041,833,124","12,121,165,328"
다올투자증권,2024,반기보고서,"664,787,033,375",
다올투자증권,2024,사업보고서,"1,442,566,582,864","-74,930,396,986"
HDC,2024,반기보고서,"2,911,065,037,306","159,811,372,754"
HDC,2024,사업보고서,"6,200,260,255,330","344,698,678,103"
광전자,2024,반기보고서,"64,866,497,737","1,827,891,378"
광전자,2024,사업보고서,"130,189,190,329","1,473,042,384"
한국단자공업,2024,반기보고서,"743,550,599,469","91,555,671,342"
한국단자공업,2024,사업보고서,"1,509,791,409,000","171,313,335,000"
디아이,2024,반기보고서,"80,866,210,149","-893,321,320"
디아이,2024,사업보고서,"213,957,402,579","3,081,395,875"
신성이엔지,2024,반기보고서,"279,377,910,058","2,542,118,974"
신성이엔지,2024,사업보고서,"582,301,298,381","4,991,741,264"
티에이치엔,2024,반기보고서,"311,460,290,424","18,272,229,085"
티에이치엔,2024,사업보고서,"651,078,994,161","30,963,784,763"
한온시스템,2024,반기보고서,"4,964,542,146,849","136,901,448,510"
한온시스템,2024,사업보고서,"9,998,723,268,169","95,537,353,794"
블루산업개발,2024,반기보고서,"43,997,514,344","-5,641,378,852"
블루산업개발,2024,사업보고서,"88,112,890,040","-13,863,126,414"
유니온,2024,반기보고서,"110,715,541,328","-1,196,641,977"
유니온,2024,사업보고서,"218,159,407,914","-11,456,625,866"
키다리스튜디오,2024,반기보고서,"99,136,733,453","1,242,758,834"
키다리스튜디오,2024,사업보고서,"205,213,284,499","2,189,001,069"
한국제지,2024,반기보고서,"396,624,139,527","22,949,588,354"
한국제지,2024,사업보고서,"792,088,806,468","19,319,754,356"
한섬,2024,반기보고서,"735,315,846,364","36,539,646,023"
한섬,2024,사업보고서,"1,485,263,894,672","63,471,661,044"
현대엘리베이터,2024,반기보고서,"1,400,749,188,000","89,735,179,000"
현대엘리베이터,2024,사업보고서,"2,885,296,849,309","225,738,463,277"
환인제약,2024,반기보고서,"125,229,288,664","15,293,564,949"
환인제약,2024,사업보고서,"259,596,031,749","21,495,286,106"
계룡건설산업,2024,반기보고서,"1,649,917,970,963","57,152,754,951"
계룡건설산업,2024,사업보고서,"3,169,362,271,108","97,717,241,740"
서원,2024,반기보고서,"479,699,354,386","10,901,139,095"
서원,2024,사업보고서,"1,229,526,508,990","27,647,640,318"
에스원,2024,반기보고서,"1,358,469,393,953","101,126,627,626"
에스원,2024,사업보고서,"2,804,739,466,536","209,247,073,877"
태경산업,2024,반기보고서,"338,356,590,992","26,413,106,653"
태경산업,2024,사업보고서,"675,692,460,593","55,683,630,049"
신대양제지,2024,반기보고서,"321,978,907,069","21,031,255,556"
신대양제지,2024,사업보고서,"658,502,364,521","29,284,139,868"
와이투솔루션,2024,반기보고서,"79,582,844,218","2,583,532,677"
와이투솔루션,2024,사업보고서,"154,513,998,976","2,885,968,925"
남해화학,2024,반기보고서,"819,788,604,586","32,404,833,895"
남해화학,2024,사업보고서,"1,519,109,111,887","36,263,869,903"
성안머티리얼스,2024,반기보고서,"13,882,536,205","-2,536,636,827"
성안머티리얼스,2024,사업보고서,"25,486,891,894","-10,058,669,422"
HMM,2024,반기보고서,"4,993,297,000,000","1,051,382,000,000"
HMM,2024,사업보고서,"11,700,224,000,000","3,512,847,000,000"
경인양행,2024,반기보고서,"189,786,225,825","12,723,446,229"
경인양행,2024,사업보고서,"374,231,082,201","24,226,048,531"
풀무원,2024,반기보고서,"1,562,341,337,986","32,512,351,645"
풀무원,2024,사업보고서,"3,213,696,853,910","91,829,407,927"
서울도시가스,2024,반기보고서,"972,742,876,000","16,898,056,173"
서울도시가스,2024,사업보고서,"1,703,788,525,280","-10,285,296,486"
이구산업,2024,반기보고서,"231,833,843,925","14,958,343,050"
이구산업,2024,사업보고서,"472,292,427,806","25,163,412,834"
에넥스,2024,반기보고서,"127,409,296,245","2,730,402,446"
에넥스,2024,사업보고서,"264,107,661,658","5,097,016,978"
에이프로젠,2024,반기보고서,"73,672,507,145","-35,642,936,811"
에이프로젠,2024,사업보고서,"150,113,578,970","-86,806,591,009"
제이준코스메틱,2024,반기보고서,"11,423,272,733","-1,059,932,388"
제이준코스메틱,2024,사업보고서,"15,675,289,582","-5,446,113,042"
한국카본,2024,반기보고서,"376,962,223,514","20,387,487,012"
한국카본,2024,사업보고서,"741,740,847,191","45,446,301,892"
KPX케미칼,2024,반기보고서,"452,897,261,002","26,772,307,500"
KPX케미칼,2024,사업보고서,"913,366,713,017","45,430,191,794"
TP,2024,반기보고서,"460,885,533,367","20,954,134,342"
TP,2024,사업보고서,"1,064,151,435,568","48,931,866,971"
에스엠벡셀,2024,반기보고서,"80,905,801,464","923,714,091"
에스엠벡셀,2024,사업보고서,"172,548,105,255","5,216,545,654"
KC그린홀딩스,2024,반기보고서,"275,298,451,165","-70,874,950,577"
KC그린홀딩스,2024,사업보고서,"421,050,049,185","-65,171,150,118"
문배철강,2024,반기보고서,"69,520,592,285","-1,547,681,005"
문배철강,2024,사업보고서,"140,206,723,395","-2,130,925,338"
웅진,2024,반기보고서,"503,899,590,255","13,890,517,110"
웅진,2024,사업보고서,"1,008,111,365,589","31,084,577,897"
HL D&I,2024,반기보고서,"791,817,731,815","29,499,898,303"
HL D&I,2024,사업보고서,"1,578,826,536,286","57,892,143,574"
오뚜기,2024,반기보고서,"1,742,789,392,358","134,812,348,404"
오뚜기,2024,사업보고서,"3,539,120,882,890","222,014,509,063"
일정실업,2024,반기보고서,"23,088,528,239","2,169,696,198"
일정실업,2024,사업보고서,"43,503,261,671","3,324,413,521"
엘에스일렉트릭,2024,반기보고서,"2,171,076,259,394","203,367,921,292"
엘에스일렉트릭,2024,사업보고서,"4,551,837,252,467","389,717,122,317"
대양금속,2024,반기보고서,"107,997,046,278","3,014,466,372"
대양금속,2024,사업보고서,"215,563,338,886","1,889,596,749"
이화산업,2024,반기보고서,"25,198,963,965","1,995,157,176"
이화산업,2024,사업보고서,"49,487,533,689","772,077,303"
동원시스템즈,2024,반기보고서,"653,458,320,483","46,375,753,831"
동원시스템즈,2024,사업보고서,"1,334,257,031,663","91,904,557,765"
삼성중공업,2024,반기보고서,"4,879,750,542,446","208,595,878,050"
삼성중공업,2024,사업보고서,"9,903,077,919,464","502,698,683,088"
모토닉,2024,반기보고서,"146,513,907,151","10,316,619,586"
모토닉,2024,사업보고서,"290,604,602,023","23,779,484,995"
화신,2024,반기보고서,"844,755,444,674","45,437,583,770"
화신,2024,사업보고서,"1,712,315,816,922","65,310,768,287"
삼화페인트공업,2024,반기보고서,"323,065,010,759","15,507,073,411"
삼화페인트공업,2024,사업보고서,"628,348,259,134","18,981,518,300"
경동나비엔,2024,반기보고서,"630,820,732,224","62,005,810,828"
경동나비엔,2024,사업보고서,"1,353,879,442,184","132,576,050,452"
DB,2024,반기보고서,"272,505,458,120","17,153,026,046"
DB,2024,사업보고서,"587,435,690,902","29,627,168,728"
SGC에너지,2024,반기보고서,"1,165,552,259,388","119,228,624,680"
SGC에너지,2024,사업보고서,"2,354,993,052,127","189,611,637,907"
대림바스,2024,반기보고서,"133,965,970,789","6,535,200,732"
대림바스,2024,사업보고서,"281,054,583,692","10,096,692,649"
대한해운,2024,반기보고서,"923,665,400,832","198,920,111,582"
대한해운,2024,사업보고서,"1,747,186,595,917","328,635,127,660"
휴니드테크놀러지스,2024,반기보고서,"95,206,287,040","4,131,798,870"
휴니드테크놀러지스,2024,사업보고서,"230,800,588,043","9,134,041,295"
수산세보틱스,2024,반기보고서,"92,617,763,593","4,461,762,948"
수산세보틱스,2024,사업보고서,"197,892,248,312","12,067,922,457"
롯데케미칼,2024,반기보고서,"10,334,136,280,943","-246,443,324,063"
롯데케미칼,2024,사업보고서,"20,430,375,565,357","-894,081,004,428"
세아베스틸지주,2024,반기보고서,"1,923,132,726,011","84,933,323,706"
세아베스틸지주,2024,사업보고서,"3,636,063,257,694","52,332,166,350"
호텔신라,2024,반기보고서,"1,983,512,323,066","39,750,905,457"
호텔신라,2024,사업보고서,"3,947,552,203,343","-5,184,329,302"
태경비케이,2024,반기보고서,"159,480,860,201","22,001,186,098"
태경비케이,2024,사업보고서,"308,594,841,506","42,222,650,666"
화승코퍼레이션,2024,반기보고서,,"48,634,767,978"
화승코퍼레이션,2024,사업보고서,,"88,714,989,487"
신흥,2024,반기보고서,"51,231,548,268","3,318,006,597"
신흥,2024,사업보고서,"101,755,599,986","6,277,866,223"
화승인더스트리,2024,반기보고서,"874,012,843,338","41,401,526,691"
화승인더스트리,2024,사업보고서,"1,867,733,844,525","118,225,154,489"
극동유화,2024,반기보고서,"550,575,574,059","13,919,793,124"
극동유화,2024,사업보고서,"1,062,833,512,172","22,878,631,372"
고려산업,2024,반기보고서,"153,765,680,370","4,261,426,095"
고려산업,2024,사업보고서,"307,656,378,676","14,269,657,884"
대현,2024,반기보고서,"133,711,795,975","10,900,451,165"
대현,2024,사업보고서,"259,284,732,061","14,372,512,461"
케이비아이동국실업,2024,반기보고서,"344,942,679,754","4,848,905,155"
케이비아이동국실업,2024,사업보고서,"668,399,686,056","-6,326,628,228"
광명전기,2024,반기보고서,"64,678,431,353","-2,977,764,014"
광명전기,2024,사업보고서,"142,406,269,452","-8,771,158,218"
부산산업,2024,반기보고서,"55,321,392,511","1,651,974,273"
부산산업,2024,사업보고서,"124,105,964,709","3,356,780,182"
STX,2024,반기보고서,"431,645,000,000","-1,328,000,000"
STX,2024,사업보고서,"827,800,000,000","-8,709,000,000"
고려아연,2024,반기보고서,"5,433,530,917,929","453,241,879,248"
고려아연,2024,사업보고서,"12,052,918,410,249","723,472,208,523"
팜젠사이언스,2024,반기보고서,"85,406,830,358","5,730,283,359"
팜젠사이언스,2024,사업보고서,"171,286,609,685","10,643,268,036"
무림페이퍼,2024,반기보고서,"692,326,594,250","72,975,838,816"
무림페이퍼,2024,사업보고서,"1,384,380,090,169","89,393,682,541"
현대차증권,2024,반기보고서,"909,437,000,000",
현대차증권,2024,사업보고서,"1,795,633,000,000",
원림,2024,반기보고서,"40,325,304,008","1,225,225,441"
원림,2024,사업보고서,"82,386,592,601","1,733,512,084"
서흥,2024,반기보고서,"338,105,613,951","23,045,721,054"
서흥,2024,사업보고서,"653,264,494,420","33,843,445,254"
성문전자,2024,반기보고서,"25,004,326,043","1,029,206,753"
성문전자,2024,사업보고서,"48,061,878,139","1,103,250,622"
HLB글로벌,2024,반기보고서,"56,423,557,298","2,079,095,882"
HLB글로벌,2024,사업보고서,"98,261,049,794","-3,666,767,452"
일진홀딩스,2024,반기보고서,"878,951,494,032","43,838,990,504"
일진홀딩스,2024,사업보고서,"1,800,024,002,531","72,521,206,741"
대영포장,2024,반기보고서,"139,035,267,392","4,894,389,570"
대영포장,2024,사업보고서,"280,835,222,931","923,321,701"
영화금속,2024,반기보고서,"149,406,349,913","4,018,400,320"
영화금속,2024,사업보고서,"301,699,111,405","9,880,071,656"
신풍제약,2024,반기보고서,"110,032,721,980","-8,171,125,505"
신풍제약,2024,사업보고서,"221,094,069,689","-20,455,432,597"
동성제약,2024,반기보고서,"44,449,821,107","-1,886,042,944"
동성제약,2024,사업보고서,"88,448,234,133","-6,593,303,196"
아센디오,2024,반기보고서,"8,691,889,703","-1,886,742,705"
아센디오,2024,사업보고서,"13,465,653,938","-4,121,526,339"
한올바이오파마,2024,반기보고서,"65,686,709,552","-2,938,423,409"
한올바이오파마,2024,사업보고서,"138,943,698,757","230,474,890"
유니켐,2024,반기보고서,"34,536,620,760","-627,178,128"
유니켐,2024,사업보고서,"68,216,069,343","-6,268,370,624"
대창,2024,반기보고서,"701,559,894,759","27,532,622,585"
대창,2024,사업보고서,"1,336,870,975,857","31,349,006,736"
국보,2024,반기보고서,"22,439,156,234","-4,596,114,523"
국보,2024,사업보고서,"40,641,437,841","-7,753,996,792"
일성건설,2024,반기보고서,"278,381,019,667","4,573,878,103"
일성건설,2024,사업보고서,"500,384,072,213","-43,590,135,455"
까뮤이앤씨,2024,반기보고서,"128,364,787,902","-1,644,857,510"
까뮤이앤씨,2024,사업보고서,"260,379,672,451","-18,097,320,062"
보락,2024,반기보고서,"23,196,592,231","702,897,578"
보락,2024,사업보고서,"47,600,285,853","-1,791,904,067"
선도전기,2024,반기보고서,"12,876,486,123","-3,714,774,304"
선도전기,2024,사업보고서,"23,984,030,522","-5,748,394,178"
씨아이테크,2024,반기보고서,"22,044,214,957","-1,886,017,644"
씨아이테크,2024,사업보고서,"47,436,608,009","-2,049,221,072"
광동제약,2024,반기보고서,"825,299,039,123","22,071,662,028"
광동제약,2024,사업보고서,"1,640,718,849,226","30,097,355,344"
갤럭시아에스엠,2024,반기보고서,"16,742,059,392","1,665,434,066"
갤럭시아에스엠,2024,사업보고서,"32,486,740,470","3,225,224,444"
남성,2024,반기보고서,"37,174,632,817","1,100,476,527"
남성,2024,사업보고서,"74,577,816,567","-1,809,506,052"
KISCO홀딩스,2024,반기보고서,"538,683,389,036","3,245,557,844"
KISCO홀딩스,2024,사업보고서,"1,013,177,626,169","-3,627,526,849"
태영건설,2024,반기보고서,"1,436,657,781,047","72,041,639,803"
태영건설,2024,사업보고서,"2,686,174,110,954","20,642,182,140"
한국특강,2024,반기보고서,"372,796,008,794","2,977,532,743"
한국특강,2024,사업보고서,"768,777,778,364","10,612,175,190"
한솔로지스틱스,2024,반기보고서,"340,335,027,601","13,445,345,328"
한솔로지스틱스,2024,사업보고서,"687,030,962,683","16,777,813,390"
삼양통상,2024,반기보고서,"98,734,380,398","9,338,018,466"
삼양통상,2024,사업보고서,"191,310,493,294","19,991,855,072"
SK텔레콤,2024,반기보고서,"8,896,970,000,000","1,035,997,000,000"
SK텔레콤,2024,사업보고서,"17,940,609,000,000","1,823,409,000,000"
진양폴리우레탄,2024,반기보고서,"29,035,266,379","2,770,317,579"
진양폴리우레탄,2024,사업보고서,"54,038,232,041","3,970,306,773"
미창석유공업,2024,반기보고서,"220,523,879,516","24,839,743,870"
미창석유공업,2024,사업보고서,"431,941,622,345","45,639,201,298"
삼익THK,2024,반기보고서,"154,946,847,758","2,755,840,196"
삼익THK,2024,사업보고서,"304,426,059,356","564,892,513"
미원상사,2024,반기보고서,"214,993,360,824","35,979,158,442"
미원상사,2024,사업보고서,"435,797,799,410","59,945,950,557"
서연,2024,반기보고서,"2,194,638,908,519","131,206,136,009"
서연,2024,사업보고서,"4,498,780,011,654","241,938,199,007"
세우글로벌,2024,반기보고서,"17,800,440,985","1,192,952,145"
세우글로벌,2024,사업보고서,"35,874,839,491","2,453,243,138"
현대모비스,2024,반기보고서,"28,524,531,000,000","1,178,767,000,000"
현대모비스,2024,사업보고서,"57,236,995,000,000","3,073,456,000,000"
KG케미칼,2024,반기보고서,"4,543,924,980,400","235,741,565,689"
KG케미칼,2024,사업보고서,"8,863,142,439,982","318,801,578,803"
아진전자부품,2024,반기보고서,"61,675,456,792","1,562,191,041"
아진전자부품,2024,사업보고서,"143,497,309,408","5,939,589,951"
현대해상,2024,반기보고서,,
현대해상,2024,사업보고서,,
현대지에프홀딩스,2024,반기보고서,"3,249,896,468,000","111,148,082,000"
현대지에프홀딩스,2024,사업보고서,"7,409,277,127,000","198,099,994,000"
한국전력공사,2024,반기보고서,"43,766,450,000,000","2,549,605,000,000"
한국전력공사,2024,사업보고서,"93,398,896,000,000","8,364,710,000,000"
국도화학,2024,반기보고서,"639,178,740,275","11,654,594,367"
국도화학,2024,사업보고서,"1,305,775,130,486","25,333,558,032"
녹십자,2024,반기보고서,"774,172,732,892","2,634,288,478"
녹십자,2024,사업보고서,"1,679,891,941,477","32,107,347,889"
SIMPAC,2024,반기보고서,"349,337,372,088","15,889,381,634"
SIMPAC,2024,사업보고서,"785,061,758,000","24,452,879,000"
윌비스,2024,반기보고서,"115,562,520,767","447,889,843"
윌비스,2024,사업보고서,"217,377,268,077","-12,537,683,908"
대창단조,2024,반기보고서,"163,686,037,466","16,602,734,976"
대창단조,2024,사업보고서,"322,237,329,620","30,073,913,587"
사조산업,2024,반기보고서,"307,318,813,122","9,171,417,439"
사조산업,2024,사업보고서,"635,200,660,442","-9,378,468,076"
한익스프레스,2024,반기보고서,"360,589,535,883","3,332,115,530"
한익스프레스,2024,사업보고서,"712,300,386,074","3,370,635,475"
사조동아원,2024,반기보고서,"341,988,752,389","28,332,036,219"
사조동아원,2024,사업보고서,"678,149,244,374","50,021,201,372"
경인전자,2024,반기보고서,"11,132,656,623","-277,645,971"
경인전자,2024,사업보고서,"22,942,422,096","-1,271,401,075"
무림P&P,2024,반기보고서,"400,151,583,748","32,715,561,295"
무림P&P,2024,사업보고서,"811,651,367,990","36,472,102,186"
인디에프,2024,반기보고서,"58,860,690,703","332,263,861"
인디에프,2024,사업보고서,"114,737,877,861","-827,177,694"
디와이,2024,반기보고서,"613,119,776,693","25,913,267,448"
디와이,2024,사업보고서,"1,168,278,437,513","35,621,946,421"
DKME,2024,반기보고서,"63,815,733,557","314,715,443"
DKME,2024,사업보고서,"136,623,566,311","10,022,114,479"
한솔케미칼,2024,반기보고서,"396,948,885,151","69,307,963,702"
한솔케미칼,2024,사업보고서,"776,356,975,793","128,825,376,120"
퍼스텍,2024,반기보고서,"82,410,792,475","537,499,283"
퍼스텍,2024,사업보고서,"207,273,257,566","4,348,353,305"
동원산업,2024,반기보고서,"4,384,729,926,444","194,782,747,331"
동원산업,2024,사업보고서,"8,944,231,939,726","501,319,940,394"
대덕,2024,반기보고서,"656,824,850,907","14,080,686,605"
대덕,2024,사업보고서,"1,267,194,760,967","8,416,757,822"
한성기업,2024,반기보고서,"171,020,932,721","5,292,349,181"
한성기업,2024,사업보고서,"332,486,628,912","11,004,187,308"
이스타코,2024,반기보고서,"5,140,146,104","-1,375,409,331"
이스타코,2024,사업보고서,"11,491,693,531","-3,286,469,890"
태림포장,2024,반기보고서,"345,197,580,141","1,822,032,804"
태림포장,2024,사업보고서,"715,375,066,000","-16,590,677,000"
아세아제지,2024,반기보고서,"445,850,667,821","24,117,073,107"
아세아제지,2024,사업보고서,"891,065,284,091","26,566,121,417"
화천기계,2024,반기보고서,"110,338,998,940","1,942,253,826"
화천기계,2024,사업보고서,"232,386,971,461","2,033,399,231"
CJ씨푸드,2024,반기보고서,"99,992,999,396","1,162,349,982"
CJ씨푸드,2024,사업보고서,"193,717,170,281","4,357,856,052"
SHD,2024,반기보고서,"51,201,303,625","-3,632,809,959"
SHD,2024,사업보고서,"106,604,794,578","-4,025,616,576"
조일알미늄,2024,반기보고서,"257,582,188,175","10,650,707,751"
조일알미늄,2024,사업보고서,"498,372,378,613","20,106,641,323"
에스엘,2024,반기보고서,"2,544,215,496,397","286,601,097,323"
에스엘,2024,사업보고서,"4,973,273,970,111","395,164,287,548"
영원무역홀딩스,2024,반기보고서,"1,931,813,231,704","313,743,379,772"
영원무역홀딩스,2024,사업보고서,"4,306,038,171,138","517,045,450,910"
더존비즈온,2024,반기보고서,"193,835,259,350","38,532,771,056"
더존비즈온,2024,사업보고서,"402,332,391,243","88,064,046,059"
보령,2024,반기보고서,"489,162,845,824","36,467,475,038"
보령,2024,사업보고서,"1,017,106,670,442","70,472,227,261"
이건산업,2024,반기보고서,"154,760,807,710","5,110,283,261"
이건산업,2024,사업보고서,"326,972,782,768","13,791,182,675"
모나리자,2024,반기보고서,"64,432,583,047","2,584,531,665"
모나리자,2024,사업보고서,"126,337,593,913","983,200,038"
대구백화점,2024,반기보고서,"31,026,949,028","-6,169,800,363"
대구백화점,2024,사업보고서,,"-14,996,437,410"
우성,2024,반기보고서,"303,976,396,442","4,256,047,881"
우성,2024,사업보고서,"606,198,677,648","8,591,748,464"
유성기업,2024,반기보고서,"163,362,076,042","2,184,574,191"
유성기업,2024,사업보고서,"324,603,324,420","-473,712,416"
한일철강,2024,반기보고서,"105,495,731,562","826,184,283"
한일철강,2024,사업보고서,"205,842,246,124","666,960,944"
삼익악기,2024,반기보고서,"124,676,776,997","4,383,755,148"
삼익악기,2024,사업보고서,"230,380,204,827","5,934,200,402"
HS화성,2024,반기보고서,"328,285,263,911","19,627,869,841"
HS화성,2024,사업보고서,"612,780,034,467","23,733,768,464"
DN오토모티브,2024,반기보고서,"1,666,086,594,692","272,254,109,788"
DN오토모티브,2024,사업보고서,"3,434,542,268,000","522,916,807,000"
보해양조,2024,반기보고서,"45,367,910,768","1,850,819,100"
보해양조,2024,사업보고서,"87,624,248,943","2,300,656,654"
상상인증권,2024,반기보고서,"156,336,232,958",
상상인증권,2024,사업보고서,"322,674,868,493",
혜인,2024,반기보고서,"99,216,735,288","5,226,956,115"
혜인,2024,사업보고서,"248,825,923,748","14,157,545,456"
금강공업,2024,반기보고서,"398,768,404,108","22,315,195,351"
금강공업,2024,사업보고서,"801,352,012,454","33,048,202,059"
플레이그램,2024,반기보고서,"135,731,376,560","-1,081,527,298"
플레이그램,2024,사업보고서,"268,344,392,135","-5,099,237,519"
율촌화학,2024,반기보고서,"233,829,720,903","-4,322,607,874"
율촌화학,2024,사업보고서,"457,078,095,305","-18,354,577,060"
신원,2024,반기보고서,"433,754,085,586","15,093,473,327"
신원,2024,사업보고서,"939,536,833,803","25,317,728,223"
동방,2024,반기보고서,"430,691,690,522","17,838,288,678"
동방,2024,사업보고서,"871,649,680,262","39,038,582,380"
한국쉘석유,2024,반기보고서,"170,272,940,912","25,306,422,149"
한국쉘석유,2024,사업보고서,"327,169,149,754","45,955,067,339"
부광약품,2024,반기보고서,"71,308,800,134","-3,514,338,462"
부광약품,2024,사업보고서,"160,086,870,107","1,617,661,424"
풍산홀딩스,2024,반기보고서,"218,352,602,785","64,477,637,921"
풍산홀딩스,2024,사업보고서,"449,393,916,995","104,749,837,969"
부국증권,2024,반기보고서,"353,833,315,821",
부국증권,2024,사업보고서,"779,174,975,982",
계양전기,2024,반기보고서,"195,741,740,173","-2,993,703,939"
계양전기,2024,사업보고서,"369,125,242,685","-15,260,824,259"
한솔테크닉스,2024,반기보고서,"550,560,829,434","22,470,784,459"
한솔테크닉스,2024,사업보고서,"1,199,483,140,800","33,354,584,118"
DB증권,2024,반기보고서,"682,693,614,919",
DB증권,2024,사업보고서,"1,318,537,932,981",
한미사이언스,2024,반기보고서,"629,248,185,005","63,791,855,243"
한미사이언스,2024,사업보고서,"1,283,432,295,647","98,867,912,225"
삼진제약,2024,반기보고서,"143,312,838,827","13,263,626,082"
삼진제약,2024,사업보고서,"308,349,934,442","31,637,502,800"
POSCO홀딩스,2024,반기보고서,"36,561,631,098,114","1,335,022,114,956"
POSCO홀딩스,2024,사업보고서,"72,688,143,160,111","2,173,573,272,904"
범양건영,2024,반기보고서,"61,580,821,395","-15,151,940,407"
범양건영,2024,사업보고서,"101,357,084,787","-38,232,332,659"
파미셀,2024,반기보고서,"28,783,897,588","229,160,795"
파미셀,2024,사업보고서,"64,851,303,832","4,655,636,703"
동국홀딩스,2024,반기보고서,"946,190,546,877","39,187,269,756"
동국홀딩스,2024,사업보고서,"1,999,426,088,314","58,003,101,705"
대원전선,2024,반기보고서,"282,306,919,276","7,030,931,483"
대원전선,2024,사업보고서,"552,777,321,378","14,338,544,095"
이수화학,2024,반기보고서,"982,534,063,213","-10,033,755,344"
이수화학,2024,사업보고서,"1,916,230,887,000","-51,445,078,000"
삼성증권,2024,반기보고서,,
삼성증권,2024,사업보고서,,
삼영무역,2024,반기보고서,"245,471,878,453","11,302,585,156"
삼영무역,2024,사업보고서,"480,191,108,812","18,360,036,943"
한양증권,2024,반기보고서,"398,431,322,616",
한양증권,2024,사업보고서,"833,308,862,395",
금호석유화학,2024,반기보고서,"3,519,982,276,930","197,755,301,510"
금호석유화학,2024,사업보고서,"7,155,003,786,012","272,804,307,588"
유안타증권,2024,반기보고서,"1,339,400,080,000",
유안타증권,2024,사업보고서,"2,712,726,528,000",
제일파마홀딩스,2024,반기보고서,"385,859,086,680","-12,182,994,490"
제일파마홀딩스,2024,사업보고서,"779,822,241,410","-11,558,923,268"
에이엔피,2024,반기보고서,"59,481,125,134","-3,318,210,411"
에이엔피,2024,사업보고서,"113,490,429,822","-5,991,747,978"
한창제지,2024,반기보고서,"148,085,599,497","4,179,875,319"
한창제지,2024,사업보고서,"294,257,732,833","1,142,467,067"
넥센,2024,반기보고서,"1,615,860,152,840","124,768,563,157"
넥센,2024,사업보고서,"3,214,304,005,061","209,664,273,178"
삼성공조,2024,반기보고서,"60,005,978,449","4,362,071,277"
삼성공조,2024,사업보고서,"115,772,504,831","6,481,452,920"
세방전지,2024,반기보고서,"986,211,090,721","105,081,697,650"
세방전지,2024,사업보고서,"2,059,542,800,914","179,667,570,936"
진원생명과학,2024,반기보고서,"16,321,873,981","-22,793,268,703"
진원생명과학,2024,사업보고서,"35,720,098,849","-43,039,113,456"
참엔지니어링,2024,반기보고서,"36,975,653,035","-8,686,199,557"
참엔지니어링,2024,사업보고서,"64,895,892,513","-35,837,953,403"
한국무브넥스,2024,반기보고서,"779,571,605,683","32,908,947,715"
한국무브넥스,2024,사업보고서,"1,567,411,153,543","43,673,714,640"
코스모신소재,2024,반기보고서,"307,491,794,183","12,216,375,479"
코스모신소재,2024,사업보고서,"569,728,589,077","25,002,358,115"
덕성,2024,반기보고서,"55,710,244,925","3,621,120,708"
덕성,2024,사업보고서,"125,453,477,601","8,910,501,328"
유진증권,2024,반기보고서,"759,089,845,561",
유진증권,2024,사업보고서,"1,652,599,784,559",
유화증권,2024,반기보고서,,
유화증권,2024,사업보고서,,
한신기계공업,2024,반기보고서,"20,593,028,160","-686,603,517"
한신기계공업,2024,사업보고서,"63,085,257,262","-567,399,357"
코스모화학,2024,반기보고서,"393,266,487,103","3,805,905,148"
코스모화학,2024,사업보고서,"749,281,395,087","-2,000,900,280"
가온전선,2024,반기보고서,"812,141,386,532","23,262,701,787"
가온전선,2024,사업보고서,"1,727,103,680,000","45,011,778,000"
S-Oil,2024,반기보고서,"18,879,327,000,000","614,753,000,000"
S-Oil,2024,사업보고서,"36,637,031,000,000","422,177,000,000"
한화에어로스페이스,2024,반기보고서,"4,634,310,688,369","396,184,089,214"
한화에어로스페이스,2024,사업보고서,"11,240,121,484,118","1,731,878,825,342"
삼화전자공업,2024,반기보고서,"16,714,197,072","-3,146,331,350"
삼화전자공업,2024,사업보고서,"33,397,439,064","-7,272,936,114"
현대제철,2024,반기보고서,"11,989,162,622,112","153,769,143,786"
현대제철,2024,사업보고서,"23,226,141,091,217","159,492,008,580"
써니전자,2024,반기보고서,"6,068,273,356","1,018,001,668"
써니전자,2024,사업보고서,"12,809,512,519","2,576,381,536"
현대비앤지스틸,2024,반기보고서,"422,916,922,117","18,670,894,916"
현대비앤지스틸,2024,사업보고서,"795,376,120,096","30,627,008,612"
사조오양,2024,반기보고서,"190,389,283,760","9,956,596,216"
사조오양,2024,사업보고서,"400,696,837,980","20,898,559,487"
한화투자증권,2024,반기보고서,"1,150,444,800,779",
한화투자증권,2024,사업보고서,"2,495,792,979,346",
삼화전기,2024,반기보고서,"119,639,265,327","16,777,672,870"
삼화전기,2024,사업보고서,"233,116,164,397","24,788,845,997"
SK증권,2024,반기보고서,,
SK증권,2024,사업보고서,,
평화홀딩스,2024,반기보고서,"417,256,005,348","14,821,099,035"
평화홀딩스,2024,사업보고서,"835,189,547,389","28,811,212,893"
일신석재,2024,반기보고서,"39,317,295,075","2,770,205,497"
일신석재,2024,사업보고서,"78,727,286,743","3,802,576,947"
KG스틸,2024,반기보고서,"1,677,001,616,486","126,598,566,919"
KG스틸,2024,사업보고서,"3,300,982,020,646","206,016,382,810"
아이에스동서,2024,반기보고서,"822,731,595,201","135,976,926,805"
아이에스동서,2024,사업보고서,"1,514,572,538,167","169,672,413,030"
SH에너지화학,2024,반기보고서,"63,332,617,531","-4,616,967,628"
SH에너지화학,2024,사업보고서,"126,047,268,210","-9,694,396,156"
대한화섬,2024,반기보고서,"67,070,389,014","1,872,064,547"
대한화섬,2024,사업보고서,"123,785,673,930","-1,542,476,290"
코리아써키트,2024,반기보고서,"730,314,164,041","-13,662,259,781"
코리아써키트,2024,사업보고서,"1,406,956,573,662","-33,153,617,896"
신세계,2024,반기보고서,"3,209,126,925,150","280,465,869,448"
신세계,2024,사업보고서,"6,570,412,728,809","477,024,306,786"
OCI홀딩스,2024,반기보고서,"1,814,620,178,000","188,819,462,000"
OCI홀딩스,2024,사업보고서,"3,577,383,349,000","101,527,729,000"
삼일제약,2024,반기보고서,"108,586,888,757","3,212,161,959"
삼일제약,2024,사업보고서,"219,699,586,442","113,040,731"
인스코비,2024,반기보고서,"48,757,543,895","-3,478,697,511"
인스코비,2024,사업보고서,"100,534,212,723","-3,786,266,549"
일성아이에스,2024,반기보고서,"33,129,082,989","-6,415,339,840"
일성아이에스,2024,사업보고서,"69,018,340,865","-9,518,107,492"
현대건설,2024,반기보고서,"17,166,494,000,000","398,216,000,000"
현대건설,2024,사업보고서,"32,670,268,000,000","-1,263,420,000,000"
TCC스틸,2024,반기보고서,"298,961,020,592","6,260,583,181"
TCC스틸,2024,사업보고서,"582,074,815,373","12,272,472,364"
에이프로젠바이오로직스,2024,반기보고서,"30,797,896,891","-23,653,991,650"
에이프로젠바이오로직스,2024,사업보고서,"67,378,141,310","-52,823,131,512"
F&F 홀딩스,2024,반기보고서,"899,797,278,074","206,118,175,099"
F&F 홀딩스,2024,사업보고서,"1,898,301,562,891","416,366,707,580"
아남전자,2024,반기보고서,"89,250,740","2,095,804"
아남전자,2024,사업보고서,"189,473,465","7,256,370"
HD현대미포,2024,반기보고서,"2,129,556,484,000","6,380,430,000"
HD현대미포,2024,사업보고서,"4,630,048,754,000","88,527,896,000"
GS건설,2024,반기보고서,"6,368,101,291,695","163,952,630,144"
GS건설,2024,사업보고서,"12,863,811,468,386","285,954,335,787"
삼아알미늄,2024,반기보고서,"131,864,188,259","-1,232,652,089"
삼아알미늄,2024,사업보고서,"251,733,337,646","-9,590,561,021"
한국전자홀딩스,2024,반기보고서,"153,145,668,033","2,529,737,520"
한국전자홀딩스,2024,사업보고서,"294,303,954,603","-4,125,572,651"
삼성SDI,2024,반기보고서,"9,581,027,891,101","547,601,702,668"
삼성SDI,2024,사업보고서,"16,592,248,884,388","363,304,463,263"
삼성전기,2024,반기보고서,"5,204,421,083,759","388,417,366,342"
삼성전기,2024,사업보고서,"10,294,102,976,435","735,005,856,995"
동부건설,2024,반기보고서,"864,286,208,773","-58,722,669,031"
동부건설,2024,사업보고서,"1,688,369,156,822","-96,940,269,971"
케이씨티시,2024,반기보고서,"435,908,186,103","22,859,307,269"
케이씨티시,2024,사업보고서,"882,147,692,479","38,991,030,847"
코오롱글로벌,2024,반기보고서,"1,498,781,511,514","512,548,360"
코오롱글로벌,2024,사업보고서,"2,911,960,747,188","-56,668,787,248"
빙그레,2024,반기보고서,"708,318,533,195","65,967,565,579"
빙그레,2024,사업보고서,"1,463,041,258,105","131,275,792,188"
녹십자홀딩스,2024,반기보고서,"1,029,773,144,317","-20,475,590,598"
녹십자홀딩스,2024,사업보고서,"2,204,855,223,217","-10,716,124,374"
시알홀딩스,2024,반기보고서,"398,588,756,696","16,528,405,665"
시알홀딩스,2024,사업보고서,"810,831,515,000","17,438,364,000"
남양유업,2024,반기보고서,"478,657,386,740","-23,443,665,159"
남양유업,2024,사업보고서,"952,794,199,365","-9,807,235,105"
남선알미늄,2024,반기보고서,"151,327,092,610","4,475,572,027"
남선알미늄,2024,사업보고서,"289,539,027,472","4,824,753,722"
한국화장품제조,2024,반기보고서,"83,249,220,102","13,309,469,966"
한국화장품제조,2024,사업보고서,"167,469,221,700","26,545,200,453"
현대코퍼레이션,2024,반기보고서,"3,342,208,256,881","64,571,388,310"
현대코퍼레이션,2024,사업보고서,"6,995,662,947,758","133,529,291,485"
LS,2024,반기보고서,"13,359,301,000,000","618,053,000,000"
LS,2024,사업보고서,"27,544,663,000,000","1,072,943,000,000"
SK네트웍스,2024,반기보고서,"3,765,549,000,000","48,613,000,000"
SK네트웍스,2024,사업보고서,"7,657,281,000,000","113,915,000,000"
경농,2024,반기보고서,"244,915,573,222","46,018,449,371"
경농,2024,사업보고서,"325,185,752,782","26,720,336,645"
티웨이홀딩스,2024,반기보고서,"1,785,359,100","-2,557,094,109"
티웨이홀딩스,2024,사업보고서,"5,242,842,500","-5,220,000,555"
동방아그로,2024,반기보고서,"139,014,807,391","22,544,899,542"
동방아그로,2024,사업보고서,"170,248,304,592","14,610,574,702"
송원산업,2024,반기보고서,"529,273,000,000","28,547,000,000"
송원산업,2024,사업보고서,"1,070,200,000,000","62,814,000,000"
진흥기업,2024,반기보고서,"360,122,572,395","-8,732,163,892"
진흥기업,2024,사업보고서,"726,191,073,004","-4,746,640,163"
한국석유공업,2024,반기보고서,"357,912,632,733","8,178,861,849"
한국석유공업,2024,사업보고서,"721,176,274,228","13,916,814,381"
천일고속,2024,반기보고서,"21,714,739,100","-3,514,861,592"
천일고속,2024,사업보고서,"44,716,883,420","-5,269,198,646"
대원강업,2024,반기보고서,"579,622,831,538","11,044,051,628"
대원강업,2024,사업보고서,"1,367,585,047,000","22,564,927,000"
조광피혁,2024,반기보고서,"48,156,539,693","4,762,381,806"
조광피혁,2024,사업보고서,"90,248,381,146","7,225,967,465"
세방,2024,반기보고서,"698,588,615,947","22,328,357,106"
세방,2024,사업보고서,"1,373,388,758,110","24,495,686,269"
KBI동양철관,2024,반기보고서,"133,752,192,511","3,969,841,720"
KBI동양철관,2024,사업보고서,"250,297,485,190","6,676,989,307"
대유에이텍,2024,반기보고서,"298,737,901,737","23,976,303,089"
대유에이텍,2024,사업보고서,"564,915,822,828","37,469,149,998"
남광토건,2024,반기보고서,"266,658,417,832","5,904,346,952"
남광토건,2024,사업보고서,"504,249,000,325","7,304,140,896"
삼영전자공업,2024,반기보고서,"85,466,135,558","4,933,575,968"
삼영전자공업,2024,사업보고서,"162,977,940,986","7,300,356,335"
신영와코루,2024,반기보고서,"107,993,442,125","3,047,820,368"
신영와코루,2024,사업보고서,"196,678,118,757","2,755,794,895"
조비,2024,반기보고서,"79,055,249,477","6,538,845,630"
조비,2024,사업보고서,"102,447,803,292","4,826,994,972"
한국공항,2024,반기보고서,"299,944,954,860","29,227,425,207"
한국공항,2024,사업보고서,"626,537,271,117","45,009,646,028"
조광페인트,2024,반기보고서,"127,315,789,528","2,491,963,324"
조광페인트,2024,사업보고서,"248,020,130,146","2,404,881,602"
SB성보,2024,반기보고서,"50,749,532,242","6,319,785,702"
SB성보,2024,사업보고서,"59,837,932,666","-2,930,119,648"
삼천리,2024,반기보고서,"2,746,451,934,828","105,145,621,000"
삼천리,2024,사업보고서,"5,120,527,432,173","114,302,576,748"
조흥,2024,반기보고서,"200,624,606,606","12,976,997,666"
조흥,2024,사업보고서,"428,162,970,536","20,834,881,066"
금양,2024,반기보고서,"76,135,694,515","-18,105,989,585"
금양,2024,사업보고서,"153,730,068,660","-56,002,221,720"
사조대림,2024,반기보고서,"1,179,604,882,077","76,280,089,224"
사조대림,2024,사업보고서,"2,642,956,274,496","133,016,935,612"
비비안,2024,반기보고서,"124,961,776,616","3,019,564,139"
비비안,2024,사업보고서,"235,220,902,183","1,680,517,987"
SNT다이내믹스,2024,반기보고서,"259,118,481,418","68,477,120,742"
SNT다이내믹스,2024,사업보고서,"614,453,293,151","110,508,614,595"
한신공영,2024,반기보고서,"639,432,521,447","14,315,440,814"
한신공영,2024,사업보고서,"1,490,447,569,221","37,254,849,485"
농심,2024,반기보고서,"1,733,234,179,918","105,060,675,186"
농심,2024,사업보고서,"3,438,730,857,998","163,073,931,930"
삼영,2024,반기보고서,"62,838,168,122","4,876,171,004"
삼영,2024,사업보고서,"126,040,086,242","9,101,817,091"
성신양회,2024,반기보고서,"603,249,298,130","51,668,939,094"
성신양회,2024,사업보고서,"1,162,632,731,807","53,239,362,394"
신라교역,2024,반기보고서,"272,870,501,360","14,228,384,096"
신라교역,2024,사업보고서,"496,120,565,456","16,438,800,579"
신풍,2024,반기보고서,"10,563,268,484","-2,253,514,704"
신풍,2024,사업보고서,"22,778,451,624","-4,365,691,306"
종근당홀딩스,2024,반기보고서,"498,434,609,832","21,094,137,187"
종근당홀딩스,2024,사업보고서,"957,752,613,068","35,486,435,048"
크라운해태홀딩스,2024,반기보고서,"522,018,309,049","40,132,014,650"
크라운해태홀딩스,2024,사업보고서,"1,046,896,219,641","67,578,721,530"
한독,2024,반기보고서,"257,030,457,555","6,503,292,131"
한독,2024,사업보고서,"507,358,329,302","538,506,984"
SG글로벌,2024,반기보고서,"54,070,765,909","5,791,956,865"
SG글로벌,2024,사업보고서,"99,434,870,010","6,154,463,640"
SK디스커버리,2024,반기보고서,"4,277,974,182,886","79,024,717,076"
SK디스커버리,2024,사업보고서,"9,039,602,889,123","172,557,836,004"
샘표,2024,반기보고서,"200,585,057,961","-335,790,991"
샘표,2024,사업보고서,"404,955,848,041","5,875,234,279"
흥아해운,2024,반기보고서,"91,662,695,050","14,269,255,736"
흥아해운,2024,사업보고서,"188,000,981,753","27,541,001,667"
GS글로벌,2024,반기보고서,"1,919,592,331,000","38,346,663,000"
GS글로벌,2024,사업보고서,"4,066,493,928,000","77,879,797,000"
금호건설,2024,반기보고서,"1,005,647,113,279","-29,918,454,840"
금호건설,2024,사업보고서,"1,914,191,087,195","-181,828,149,572"
삼부토건,2024,반기보고서,"204,521,413,350","-40,971,570,747"
삼부토건,2024,사업보고서,"462,425,746,422","-112,577,744,269"
삼화콘덴서공업,2024,반기보고서,"150,131,027,496","14,771,196,454"
삼화콘덴서공업,2024,사업보고서,"295,412,198,601","17,842,307,493"
페이퍼코리아,2024,반기보고서,"151,625,133,853","3,889,229,964"
페이퍼코리아,2024,사업보고서,"290,184,364,896","2,037,606,335"
동양,2024,반기보고서,"403,410,863,309","10,183,884,381"
동양,2024,사업보고서,"750,408,346,536","-920,616,899"
한화,2024,반기보고서,"25,428,089,000,000","764,339,000,000"
한화,2024,사업보고서,"55,646,829,000,000","2,416,109,000,000"
JW중외제약,2024,반기보고서,"352,869,534,871","37,886,881,080"
JW중외제약,2024,사업보고서,"719,375,756,340","82,488,136,816"
영풍,2024,반기보고서,"1,493,466,969,945","-43,114,131,354"
영풍,2024,사업보고서,"2,787,414,358,375","-160,701,935,806"
PKC,2024,반기보고서,"118,853,425,749","4,262,301,648"
PKC,2024,사업보고서,"245,228,124,294","9,748,351,104"
성창기업지주,2024,반기보고서,"77,174,206,243","-2,127,558,059"
성창기업지주,2024,사업보고서,"143,105,590,875","-7,293,464,621"
한창,2024,반기보고서,"25,905,286,802","453,970"
한창,2024,사업보고서,"3,089,124,038","-9,443,656,317"
삼화왕관,2024,반기보고서,"83,367,482,164","6,695,995,620"
삼화왕관,2024,사업보고서,"167,142,498,336","10,627,822,764"
KR모터스,2024,반기보고서,"33,648,412,937","-8,048,861,065"
KR모터스,2024,사업보고서,"16,024,969,823","-4,937,030,424"
고려제강,2024,반기보고서,"883,277,966,189","25,249,303,310"
고려제강,2024,사업보고서,"1,739,609,163,820","26,107,109,844"
태양금속공업,2024,반기보고서,"325,982,349,603","10,225,454,062"
태양금속공업,2024,사업보고서,"620,020,921,700","16,053,014,687"
SUN&L,2024,반기보고서,"173,287,411,415","-2,780,008,896"
SUN&L,2024,사업보고서,"339,342,203,215","-5,864,106,894"
DRB동일,2024,반기보고서,"388,092,290,443","19,903,535,441"
DRB동일,2024,사업보고서,"752,688,127,961","21,870,057,763"
넥센타이어,2024,반기보고서,"1,441,837,292,816","104,411,337,062"
넥센타이어,2024,사업보고서,"2,847,925,036,412","172,136,969,776"
SG세계물산,2024,반기보고서,"68,266,302,970","-1,524,742,481"
SG세계물산,2024,사업보고서,"138,801,745,057","-2,756,643,488"
롯데정밀화학,2024,반기보고서,"821,516,531,948","27,880,838,466"
롯데정밀화학,2024,사업보고서,"1,670,545,189,888","50,372,565,787"
동화약품,2024,반기보고서,"234,047,896,826","11,151,229,983"
동화약품,2024,사업보고서,"464,874,735,245","13,411,192,945"
DL,2024,반기보고서,"2,896,190,038,873","315,149,570,241"
DL,2024,사업보고서,"5,615,368,498,981","412,518,392,958"
LX인터내셔널,2024,반기보고서,"7,849,651,064,724","240,316,170,697"
LX인터내셔널,2024,사업보고서,"16,637,572,685,167","489,185,373,375"
국제약품,2024,반기보고서,"75,177,197,530","4,080,691,112"
국제약품,2024,사업보고서,"156,462,822,664","6,701,642,414"
태광산업,2024,반기보고서,"1,108,953,542,476","660,927,817"
태광산업,2024,사업보고서,"2,121,863,335,311","-27,164,631,033"
부산주공,2024,반기보고서,"116,469,106,012","2,092,317,123"
부산주공,2024,사업보고서,"213,030,180,079","7,334,415,211"
한일현대시멘트,2024,반기보고서,"255,154,774,460","38,897,556,692"
한일현대시멘트,2024,사업보고서,"513,367,579,551","79,088,668,239"
CS홀딩스,2024,반기보고서,"70,170,291,891","10,539,618,555"
CS홀딩스,2024,사업보고서,"141,950,747,269","22,314,081,505"
DB하이텍,2024,반기보고서,"559,885,904,854","108,493,882,442"
DB하이텍,2024,사업보고서,"1,131,167,709,804","190,838,683,363"
대림통상,2024,반기보고서,"71,004,857,441","-788,362,433"
대림통상,2024,사업보고서,"136,965,965,065","-3,414,516,400"
유유제약,2024,반기보고서,"66,581,518,581","8,447,587,159"
유유제약,2024,사업보고서,"133,147,218,082","11,697,341,742"
강남제비스코,2024,반기보고서,"326,330,242,239","16,353,607,380"
강남제비스코,2024,사업보고서,"643,137,092,555","20,529,999,372"
대신증권,2024,반기보고서,"2,016,660,494,000",
대신증권,2024,사업보고서,"4,093,862,748,000",
NH투자증권,2024,반기보고서,,
NH투자증권,2024,사업보고서,,
미래에셋증권,2024,반기보고서,"11,003,687,052,905",
미래에셋증권,2024,사업보고서,"22,242,327,609,027",
신일전자,2024,반기보고서,"87,704,519,330","2,609,205,942"
신일전자,2024,사업보고서,"178,314,873,865","4,032,944,384"
삼성제약,2024,반기보고서,"22,747,774,822","-8,329,968,052"
삼성제약,2024,사업보고서,"44,294,231,025","-14,828,940,152"
삼성화재해상보험,2024,반기보고서,,
삼성화재해상보험,2024,사업보고서,,
삼양식품,2024,반기보고서,"810,192,259,976","169,587,433,245"
삼양식품,2024,사업보고서,"1,728,015,003,746","344,569,150,443"
한화손해보험,2024,반기보고서,,
한화손해보험,2024,사업보고서,,
NI스틸,2024,반기보고서,"156,538,200,615","25,258,585,847"
NI스틸,2024,사업보고서,"275,274,102,150","37,132,983,882"
일동홀딩스,2024,반기보고서,"324,656,829,724","-7,157,214,695"
일동홀딩스,2024,사업보고서,"657,566,885,958","-2,411,599,959"
대동,2024,반기보고서,"774,879,850,982","47,615,005,872"
대동,2024,사업보고서,"1,415,582,422,216","18,456,574,878"
오리온홀딩스,2024,반기보고서,"1,546,862,718,382","241,877,064,047"
오리온홀딩스,2024,사업보고서,"3,195,245,858,433","506,240,029,274"
깨끗한나라,2024,반기보고서,"262,466,807,103","1,295,035,609"
깨끗한나라,2024,사업보고서,"537,049,885,546","-902,193,220"
태원물산,2024,반기보고서,"6,253,299,688","-238,116,296"
태원물산,2024,사업보고서,"11,570,639,556","-894,285,012"
코오롱,2024,반기보고서,"2,949,588,146,430","41,797,482,032"
코오롱,2024,사업보고서,"6,028,363,775,125","-89,552,863,444"
삼성전자,2024,반기보고서,"145,983,903,000,000","17,049,887,000,000"
삼성전자,2024,사업보고서,"300,870,903,000,000","32,725,961,000,000"
DH오토넥스,2024,반기보고서,"18,089,960,961","-3,075,338,982"
DH오토넥스,2024,사업보고서,"32,380,378,302","-8,564,101,590"
BYC,2024,반기보고서,"79,877,357,848","7,336,975,261"
BYC,2024,사업보고서,"165,207,568,941","23,832,906,913"
KG모빌리티,2024,반기보고서,"1,986,647,555,843","25,699,164,921"
KG모빌리티,2024,사업보고서,"3,905,069,387,798","1,432,909,587"
SPC삼립,2024,반기보고서,"1,680,062,760,809","44,310,103,654"
SPC삼립,2024,사업보고서,"3,427,920,218,534","94,968,717,963"
흥국화재,2024,반기보고서,,
흥국화재,2024,사업보고서,,
일양약품,2024,반기보고서,"161,196,053,374","5,543,635,235"
일양약품,2024,사업보고서,"268,861,229,571","11,000,497,773"
한진,2024,반기보고서,"1,446,370,821,154","60,242,490,080"
한진,2024,사업보고서,"3,015,479,161,930","100,088,306,580"
한국수출포장공업,2024,반기보고서,"150,131,063,349","6,444,505,786"
한국수출포장공업,2024,사업보고서,"301,761,200,613","-585,859,876"
현대자동차,2024,반기보고서,"85,679,120,000,000","7,836,498,000,000"
현대자동차,2024,사업보고서,"175,231,153,000,000","14,239,592,000,000"
모나미,2024,반기보고서,"66,561,105,112","-1,840,334,290"
모나미,2024,사업보고서,"133,080,484,318","-3,813,353,960"
한화솔루션,2024,반기보고서,"5,057,847,178,951","-322,160,057,074"
한화솔루션,2024,사업보고서,"12,394,023,649,010","-300,237,959,946"
아세아,2024,반기보고서,"1,018,164,187,984","115,896,081,947"
아세아,2024,사업보고서,"2,007,423,276,000","172,421,989,000"
카프로,2024,반기보고서,"4,147,604,104","-13,648,343,766"
카프로,2024,사업보고서,"7,072,572,538","-32,385,863,735"
롯데지주,2024,반기보고서,"7,845,603,652,029","234,454,443,206"
롯데지주,2024,사업보고서,"15,756,975,627,179","340,468,760,521"
대한방직,2024,반기보고서,"65,102,842,253","795,126,218"
대한방직,2024,사업보고서,"133,909,117,274","2,418,669,755"
서울식품공업,2024,반기보고서,"29,912,687,300","-682,413,091"
서울식품공업,2024,사업보고서,"58,588,657,427","-2,232,262,628"
아이에이치큐,2024,반기보고서,,"-4,092,832,868"
아이에이치큐,2024,사업보고서,"32,431,991,390","-7,164,297,756"
LS네트웍스,2024,반기보고서,"882,622,183,459","38,384,586,269"
LS네트웍스,2024,사업보고서,"1,933,813,959,649","25,619,240,717"
금호전기,2024,반기보고서,"28,088,927,138","-1,830,702,214"
금호전기,2024,사업보고서,"53,171,559,352","-4,957,267,533"
하이트진로홀딩스,2024,반기보고서,"1,279,991,648,990","124,307,423,082"
하이트진로홀딩스,2024,사업보고서,"2,585,068,710,459","221,794,886,726"
노루홀딩스,2024,반기보고서,"625,963,111,180","44,962,871,558"
노루홀딩스,2024,사업보고서,"1,247,877,697,168","72,554,697,963"
기아,2024,반기보고서,"53,780,758,000,000","7,069,442,000,000"
기아,2024,사업보고서,"107,448,752,000,000","12,667,139,000,000"
효성,2024,반기보고서,"984,925,428,877","44,242,969,537"
효성,2024,사업보고서,"2,272,756,398,560","221,133,379,310"
CJ,2024,반기보고서,"21,118,776,699,000","1,242,505,936,000"
CJ,2024,사업보고서,"43,646,656,090,000","2,547,483,645,000"
두산,2024,반기보고서,"9,054,557,699,866","684,626,207,065"
두산,2024,사업보고서,"18,132,874,000,000","1,003,759,000,000"
휴스틸,2024,반기보고서,"384,732,293,058","16,500,737,508"
휴스틸,2024,사업보고서,"723,068,271,123","17,080,221,750"
DB손해보험,2024,반기보고서,,
DB손해보험,2024,사업보고서,,
TYM,2024,반기보고서,"438,339,748,927","22,743,758,972"
TYM,2024,사업보고서,"788,790,147,164","16,080,371,733"
대웅,2024,반기보고서,,"117,160,684,396"
대웅,2024,사업보고서,"1,936,916,852,599","281,913,080,239"
진양산업,2024,반기보고서,"42,538,721,620","4,291,207,855"
진양산업,2024,사업보고서,"88,220,353,454","8,195,906,921"
영진약품,2024,반기보고서,"127,147,371,145","5,811,137,061"
영진약품,2024,사업보고서,"252,040,228,764","8,721,997,142"
케이씨씨,2024,반기보고서,"3,367,099,454,223","247,467,969,570"
케이씨씨,2024,사업보고서,"6,658,762,417,820","471,118,235,184"
롯데칠성음료,2024,반기보고서,"2,036,140,409,506","97,003,058,039"
롯데칠성음료,2024,사업보고서,"4,024,503,304,484","184,926,837,143"
일신방직,2024,반기보고서,"259,650,832,945","7,270,748,003"
일신방직,2024,사업보고서,"523,651,392,861","9,064,191,185"
아모레퍼시픽홀딩스,2024,반기보고서,"2,012,468,254,011","95,258,394,472"
아모레퍼시픽홀딩스,2024,사업보고서,"4,259,886,701,995","249,277,525,878"
제주은행,2024,반기보고서,,
제주은행,2024,사업보고서,,
한솔홀딩스,2024,반기보고서,"208,578,084,000","-785,012,000"
한솔홀딩스,2024,사업보고서,"791,639,938,000","7,479,492,000"
벽산,2024,반기보고서,"325,475,168,670","19,964,836,779"
벽산,2024,사업보고서,"643,093,353,897","25,722,925,299"
롯데손해보험,2024,반기보고서,,
롯데손해보험,2024,사업보고서,,
대한제분,2024,반기보고서,"681,277,818,932","38,115,355,879"
대한제분,2024,사업보고서,"1,374,735,359,151","72,306,706,525"
대상,2024,반기보고서,"2,098,742,465,388","92,073,558,782"
대상,2024,사업보고서,"4,255,134,757,567","176,941,145,485"
LG,2024,반기보고서,"3,447,830,000,000","732,036,000,000"
LG,2024,사업보고서,"7,175,505,000,000","966,842,000,000"
동아쏘시오홀딩스,2024,반기보고서,"629,410,970,622","37,859,606,096"
동아쏘시오홀딩스,2024,사업보고서,"1,333,229,636,666","82,094,664,924"
코리안리,2024,반기보고서,,
코리안리,2024,사업보고서,,
한국주철관공업,2024,반기보고서,"207,225,793,811","8,122,100,083"
한국주철관공업,2024,사업보고서,"419,416,899,335","15,445,910,306"
한일홀딩스,2024,반기보고서,"1,127,439,837,547","174,612,215,002"
한일홀딩스,2024,사업보고서,"2,248,742,514,757","279,313,951,093"
엔피씨,2024,반기보고서,"237,889,009,048","15,277,618,314"
엔피씨,2024,사업보고서,"458,265,475,806","10,494,660,290"
세아제강지주,2024,반기보고서,"1,892,469,329,399","154,165,738,078"
세아제강지주,2024,사업보고서,"3,675,086,864,147","211,611,279,793"
대한전선,2024,반기보고서,"1,652,877,206,000","66,156,216,000"
대한전선,2024,사업보고서,"3,291,299,375,000","115,169,757,000"
대한제당,2024,반기보고서,"665,749,363,000","18,910,434,000"
대한제당,2024,사업보고서,"1,373,829,105,000","36,996,731,000"
삼양홀딩스,2024,반기보고서,"1,788,503,021,912","89,928,125,637"
삼양홀딩스,2024,사업보고서,"3,553,264,096,673","127,538,574,846"
세기상사,2024,반기보고서,"17,181,956,864","-850,236,239"
세기상사,2024,사업보고서,"32,031,845,759","-1,975,504,652"
한국앤컴퍼니,2024,반기보고서,"712,196,762,471","250,302,464,775"
한국앤컴퍼니,2024,사업보고서,"1,390,995,724,547","418,268,299,588"
전방,2024,반기보고서,"28,547,950,915","-2,719,875,397"
전방,2024,사업보고서,"57,235,842,614","-8,482,983,755"
대한항공,2024,반기보고서,"8,693,676,241,977","980,457,443,035"
대한항공,2024,사업보고서,"17,870,718,495,804","2,110,200,077,994"
디아이동일,2024,반기보고서,"336,910,405,821","8,159,592,436"
디아이동일,2024,사업보고서,"651,725,598,894","7,810,548,526"
유한양행,2024,반기보고서,"972,905,809,795","19,119,516,163"
유한양행,2024,사업보고서,"2,067,791,451,854","54,880,319,609"
CJ대한통운,2024,반기보고서,"5,980,607,974,533","234,725,888,462"
CJ대한통운,2024,사업보고서,"12,116,761,147,160","530,663,067,133"
경방,2024,반기보고서,"192,963,789,460","13,408,100,849"
경방,2024,사업보고서,"397,276,756,397","33,449,462,550"
유수홀딩스,2024,반기보고서,"200,832,380,421","11,037,423,283"
유수홀딩스,2024,사업보고서,"435,867,054,050","18,315,439,948"
한진중공업홀딩스,2024,반기보고서,"628,498,000,000","22,207,000,000"
한진중공업홀딩스,2024,사업보고서,,"45,875,000,000"
